"ID user ";"Length of proﬁle name";"Length of proﬁle description";"Number of tweets posted";"Age of the user account, in days";"Ratio of number of followings and followers";"Number of following";"Number of followers";"Frequence of tweets posted per day";"hashtags average";"mentions average";"links average";"Likes average per tweet"
"798005137";"8";"0";"73";"20";"0,0";"447";"412";"73,0";"0,0";"1,0";"1,0";"0,0"
"356107576";"10";"117";"81";"20";"0,0";"78";"52";"81,0";"0,0";"1,0";"1,0";"0,0"
"3935224455";"6";"73";"1";"20";"599,0";"10";"5990";"1,0";"0,0";"1,0";"0,0";"0,0"
"2915483085";"8";"160";"1";"20";"1,0";"3400";"3923";"1,0";"0,0";"1,0";"1,0";"0,0"
"1119750835";"6";"0";"3";"20";"4,0";"83";"338";"3,0";"0,0";"0,0";"0,0";"0,0"
"1314639446";"11";"119";"1";"20";"4,0";"124";"595";"1,0";"0,0";"1,0";"1,0";"0,0"
"838667920528011300";"10";"0";"1";"20";"0,0";"10";"0";"1,0";"1,0";"0,0";"1,0";"0,0"
"198988742";"10";"160";"3";"20";"0,0";"674";"143";"3,0";"5,0";"1,0";"0,0";"0,0"
"3397186150";"7";"83";"3";"20";"1,0";"143";"156";"3,0";"0,0";"3,0";"0,0";"0,0"
"520619817";"8";"38";"68";"20";"5,0";"268";"1596";"68,0";"0,0";"2,0";"0,0";"0,0"
"1339836415";"13";"9";"4";"20";"0,0";"463";"253";"4,0";"0,0";"0,0";"1,0";"0,0"
"1248545352";"15";"135";"2";"20";"0,0";"175";"162";"2,0";"0,0";"0,0";"1,0";"0,0"
"3072380675";"14";"39";"1";"20";"1,0";"52";"56";"1,0";"0,0";"1,0";"0,0";"0,0"
"870601859295301600";"9";"0";"80";"20";"0,0";"62";"38";"80,0";"0,0";"1,0";"0,0";"0,0"
"818235373159649300";"15";"120";"3";"20";"10,0";"95";"953";"3,0";"0,0";"1,0";"1,0";"0,0"
"867790259794346000";"11";"0";"1";"20";"6,0";"15";"93";"1,0";"0,0";"2,0";"0,0";"0,0"
"636030403";"13";"101";"8";"20";"0,0";"3537";"502";"8,0";"0,0";"3,0";"0,0";"0,0"
"4250621302";"9";"0";"8";"20";"2,0";"126";"261";"8,0";"0,0";"1,0";"0,0";"0,0"
"2418257933";"9";"24";"2";"20";"1,0";"234";"420";"2,0";"0,0";"1,0";"0,0";"0,0"
"2984286675";"13";"37";"1";"20";"2,0";"334";"877";"1,0";"0,0";"2,0";"0,0";"0,0"
"1575153109";"14";"135";"7";"20";"1,0";"685";"797";"7,0";"0,0";"2,0";"0,0";"0,0"
"4925078968";"12";"152";"1";"20";"0,0";"261";"70";"1,0";"0,0";"2,0";"0,0";"0,0"
"758149051305132000";"12";"38";"7";"20";"1,0";"899";"1172";"7,0";"0,0";"1,0";"1,0";"0,0"
"386733873";"9";"75";"3";"20";"1,0";"479";"549";"3,0";"3,0";"1,0";"0,0";"0,0"
"263593866";"12";"150";"3";"20";"1,0";"71";"124";"3,0";"2,0";"1,0";"0,0";"0,0"
"1042484834";"12";"49";"7";"20";"1,0";"353";"393";"7,0";"0,0";"1,0";"0,0";"0,0"
"393643829";"9";"7";"3";"20";"1,0";"222";"370";"3,0";"0,0";"0,0";"0,0";"0,0"
"1286747383";"13";"74";"1";"20";"0,0";"168";"150";"1,0";"0,0";"1,0";"0,0";"0,0"
"854732951980052500";"7";"56";"17";"20";"1,0";"46";"87";"17,0";"0,0";"0,0";"1,0";"0,0"
"799632229496422400";"8";"72";"4";"20";"0,0";"175";"162";"4,0";"0,0";"1,0";"0,0";"0,0"
"2985841073";"14";"13";"1";"20";"0,0";"413";"375";"1,0";"1,0";"1,0";"1,0";"0,0"
"1530870644";"11";"135";"7";"20";"0,0";"187";"118";"7,0";"2,0";"1,0";"0,0";"0,0"
"1438774669";"10";"32";"7";"20";"1,0";"345";"641";"7,0";"0,0";"1,0";"1,0";"0,0"
"67564616";"12";"10";"1";"20";"1,0";"151";"196";"1,0";"0,0";"2,0";"0,0";"0,0"
"1448715799";"10";"21";"3";"20";"0,0";"1162";"433";"3,0";"0,0";"3,0";"0,0";"0,0"
"1510228555";"7";"0";"1";"20";"0,0";"1838";"412";"1,0";"1,0";"1,0";"0,0";"0,0"
"496356805";"13";"59";"2";"20";"1,0";"184";"224";"2,0";"0,0";"0,0";"0,0";"0,0"
"4885590887";"15";"53";"12";"20";"0,0";"644";"343";"12,0";"0,0";"1,0";"0,0";"0,0"
"784417582443012100";"7";"42";"3";"20";"37,0";"197";"7392";"3,0";"0,0";"1,0";"1,0";"0,0"
"1396644715";"11";"123";"3";"20";"8,0";"497";"4018";"3,0";"0,0";"2,0";"0,0";"0,0"
"364180960";"8";"61";"1";"20";"0,0";"197";"161";"1,0";"0,0";"1,0";"0,0";"0,0"
"442057216";"11";"14";"7";"20";"1,0";"135";"190";"7,0";"0,0";"1,0";"1,0";"0,0"
"3236837518";"12";"0";"1";"20";"1,0";"139";"147";"1,0";"1,0";"1,0";"0,0";"0,0"
"950190272";"13";"94";"1";"20";"5,0";"1";"5";"1,0";"1,0";"0,0";"1,0";"0,0"
"709757195219562500";"8";"0";"1";"20";"0,0";"430";"362";"1,0";"0,0";"2,0";"0,0";"0,0"
"571658870";"13";"11";"1";"20";"1,0";"11024";"22023";"1,0";"0,0";"1,0";"0,0";"0,0"
"581065414";"15";"68";"1";"20";"2,0";"905";"2012";"1,0";"0,0";"1,0";"0,0";"0,0"
"843430701777207300";"8";"0";"11";"20";"0,0";"30";"5";"11,0";"0,0";"1,0";"0,0";"0,0"
"227038693";"12";"28";"3";"20";"1,0";"125";"175";"3,0";"0,0";"2,0";"0,0";"0,0"
"3676908377";"8";"153";"1";"20";"0,0";"494";"341";"1,0";"0,0";"2,0";"0,0";"0,0"
"3044906255";"11";"155";"3";"20";"3,0";"3063";"10306";"3,0";"0,0";"1,0";"0,0";"0,0"
"2732423854";"8";"0";"1";"20";"0,0";"48";"29";"1,0";"1,0";"3,0";"0,0";"0,0"
"422181213";"9";"116";"3";"20";"76,0";"123";"9401";"3,0";"0,0";"1,0";"0,0";"0,0"
"718115515";"8";"9";"1";"20";"1,0";"662";"1060";"1,0";"0,0";"1,0";"0,0";"0,0"
"635657621";"10";"98";"4";"20";"0,0";"120";"35";"4,0";"1,0";"0,0";"1,0";"0,0"
"3400350417";"10";"0";"1";"20";"1,0";"210";"371";"1,0";"0,0";"1,0";"0,0";"0,0"
"590531511";"8";"79";"1";"20";"2,0";"316";"811";"1,0";"0,0";"0,0";"0,0";"0,0"
"771714495492259800";"13";"0";"7";"20";"0,0";"66";"44";"7,0";"0,0";"1,0";"0,0";"0,0"
"3222517908";"10";"43";"1";"20";"1,0";"125";"194";"1,0";"0,0";"1,0";"1,0";"0,0"
"873219614947278800";"8";"68";"2";"20";"0,0";"121";"29";"2,0";"0,0";"1,0";"0,0";"0,0"
"2615833440";"10";"0";"3";"20";"1,0";"784";"833";"3,0";"0,0";"1,0";"0,0";"0,0"
"734476497491267600";"15";"0";"3";"20";"0,0";"218";"73";"3,0";"0,0";"0,0";"0,0";"1,0"
"821760599084376000";"13";"162";"7";"20";"19,0";"374";"7323";"7,0";"1,0";"0,0";"0,0";"0,0"
"2856913618";"12";"85";"3";"20";"2,0";"47";"120";"3,0";"0,0";"1,0";"0,0";"0,0"
"2810588964";"8";"122";"1";"20";"2,0";"301";"743";"1,0";"0,0";"0,0";"1,0";"0,0"
"3401548312";"12";"16";"3";"20";"4,0";"143";"647";"3,0";"0,0";"1,0";"0,0";"0,0"
"831134235356385300";"7";"24";"1";"20";"1,0";"523";"548";"1,0";"0,0";"1,0";"0,0";"0,0"
"723962760";"10";"102";"7";"20";"7,0";"150";"1128";"7,0";"0,0";"1,0";"0,0";"0,0"
"825756725148008400";"12";"0";"12";"20";"0,0";"237";"156";"12,0";"0,0";"1,0";"0,0";"0,0"
"3227781323";"15";"0";"3";"20";"5,0";"1920";"10107";"3,0";"0,0";"2,0";"0,0";"0,0"
"3255024310";"8";"7";"3";"20";"5,0";"244";"1450";"3,0";"0,0";"1,0";"0,0";"0,0"
"619203679";"10";"0";"7";"20";"2,0";"362";"758";"7,0";"0,0";"1,0";"1,0";"0,0"
"72264945";"10";"149";"4";"20";"1,0";"701";"1366";"4,0";"0,0";"1,0";"0,0";"0,0"
"240226030";"14";"14";"5";"20";"3,0";"645";"2567";"5,0";"0,0";"1,0";"0,0";"0,0"
"3805663773";"12";"33";"3";"20";"0,0";"34";"32";"3,0";"0,0";"1,0";"0,0";"0,0"
"1867046786";"14";"31";"8";"20";"3,0";"326";"1170";"8,0";"0,0";"1,0";"0,0";"0,0"
"806544406820094000";"9";"90";"79";"20";"3,0";"88";"323";"79,0";"0,0";"1,0";"0,0";"0,0"
"3211927487";"7";"59";"1";"20";"3,0";"22751";"79261";"1,0";"0,0";"1,0";"0,0";"0,0"
"198185729";"14";"72";"12";"20";"3,0";"247";"928";"12,0";"0,0";"2,0";"0,0";"0,0"
"140195976";"10";"127";"1";"20";"6314,0";"4";"25256";"1,0";"0,0";"1,0";"1,0";"0,0"
"3468105316";"10";"3";"1";"20";"1,0";"310";"451";"1,0";"0,0";"1,0";"0,0";"0,0"
"3033506843";"10";"44";"3";"20";"8,0";"213";"1818";"3,0";"0,0";"0,0";"1,0";"0,0"
"4685354898";"6";"56";"3";"20";"1,0";"185";"220";"3,0";"0,0";"2,0";"0,0";"0,0"
"860236811293122600";"13";"130";"1";"20";"0,0";"121";"24";"1,0";"0,0";"1,0";"0,0";"0,0"
"858601578219098100";"11";"36";"1";"20";"0,0";"69";"16";"1,0";"0,0";"0,0";"0,0";"0,0"
"2205111216";"8";"0";"3";"20";"2,0";"75";"151";"3,0";"4,0";"2,0";"0,0";"0,0"
"786785796";"15";"134";"1";"20";"0,0";"423";"414";"1,0";"0,0";"1,0";"0,0";"0,0"
"821962778";"6";"0";"3";"20";"1,0";"275";"545";"3,0";"0,0";"1,0";"0,0";"0,0"
"198294324";"12";"84";"3";"20";"1,0";"858";"978";"3,0";"0,0";"1,0";"0,0";"0,0"
"1107247382";"7";"131";"1";"20";"3,0";"349";"1377";"1,0";"0,0";"2,0";"0,0";"0,0"
"1430582702";"7";"50";"1";"20";"0,0";"944";"595";"1,0";"0,0";"1,0";"0,0";"0,0"
"790505956954308600";"15";"41";"1";"20";"0,0";"493";"169";"1,0";"0,0";"1,0";"0,0";"0,0"
"2845766001";"10";"0";"1";"20";"1,0";"331";"415";"1,0";"1,0";"1,0";"0,0";"0,0"
"733424455";"10";"72";"3";"20";"0,0";"130";"59";"3,0";"0,0";"1,0";"0,0";"0,0"
"298479928";"8";"43";"11";"20";"1,0";"290";"567";"11,0";"0,0";"1,0";"0,0";"0,0"
"3883198342";"11";"76";"2";"20";"0,0";"1254";"1207";"2,0";"0,0";"1,0";"0,0";"0,0"
"123609004";"15";"69";"1";"20";"1,0";"522";"708";"1,0";"0,0";"1,0";"0,0";"0,0"
"4472898153";"10";"148";"3";"20";"3,0";"377";"1194";"3,0";"0,0";"1,0";"0,0";"0,0"
"743016449602637800";"8";"13";"1";"20";"0,0";"361";"169";"1,0";"0,0";"0,0";"0,0";"0,0"
"4404080248";"13";"0";"74";"20";"0,0";"2836";"157";"74,0";"0,0";"1,0";"0,0";"0,0"
"3115219287";"11";"74";"7";"20";"0,0";"1605";"1027";"7,0";"0,0";"1,0";"0,0";"0,0"
"3341973453";"10";"0";"2";"20";"0,0";"149";"58";"2,0";"0,0";"0,0";"0,0";"0,0"
"615939145";"9";"45";"2";"20";"1,0";"892";"1259";"2,0";"0,0";"0,0";"1,0";"0,0"
"1589055414";"15";"101";"2";"20";"0,0";"805";"234";"2,0";"0,0";"1,0";"0,0";"0,0"
"73743719";"11";"0";"79";"20";"3,0";"52";"159";"79,0";"1,0";"0,0";"1,0";"0,0"
"793755212";"15";"0";"5";"20";"0,0";"258";"57";"5,0";"0,0";"0,0";"0,0";"0,0"
"844966478831079400";"9";"72";"1";"20";"2,0";"96";"242";"1,0";"0,0";"1,0";"0,0";"0,0"
"2953261335";"13";"19";"1";"20";"1,0";"1415";"1917";"1,0";"0,0";"3,0";"0,0";"0,0"
"797201858947387400";"10";"0";"74";"20";"0,0";"38";"15";"74,0";"1,0";"0,0";"1,0";"0,0"
"4881187810";"13";"142";"3";"20";"18,0";"80";"1486";"3,0";"0,0";"0,0";"0,0";"0,0"
"2923159343";"13";"56";"3";"20";"0,0";"664";"222";"3,0";"0,0";"1,0";"0,0";"0,0"
"518637564";"7";"132";"1";"20";"0,0";"239";"227";"1,0";"0,0";"3,0";"0,0";"0,0"
"2285748522";"9";"34";"3";"20";"3,0";"140";"543";"3,0";"0,0";"1,0";"1,0";"0,0"
"331819741";"9";"158";"73";"20";"1,0";"2408";"2562";"73,0";"0,0";"1,0";"0,0";"0,0"
"738280529829695500";"8";"20";"1";"20";"0,0";"85";"38";"1,0";"0,0";"3,0";"0,0";"0,0"
"119789058";"6";"149";"1";"20";"4,0";"569";"2448";"1,0";"3,0";"0,0";"1,0";"0,0"
"4171757957";"7";"158";"3";"20";"0,0";"475";"466";"3,0";"2,0";"2,0";"0,0";"0,0"
"1643442384";"11";"57";"6";"20";"2,0";"1457";"2928";"6,0";"0,0";"0,0";"0,0";"0,0"
"704302431023341600";"13";"155";"8";"20";"5,0";"217";"1293";"8,0";"0,0";"1,0";"0,0";"0,0"
"1294617600";"12";"0";"2";"20";"0,0";"2478";"1027";"2,0";"0,0";"1,0";"0,0";"0,0"
"15745499";"8";"0";"3";"20";"4,0";"151";"645";"3,0";"0,0";"1,0";"0,0";"0,0"
"795617975919382500";"10";"145";"3";"20";"1,0";"300";"341";"3,0";"1,0";"1,0";"0,0";"0,0"
"3239200829";"6";"18";"3";"20";"0,0";"1045";"603";"3,0";"0,0";"0,0";"1,0";"0,0"
"75318605";"9";"73";"77";"20";"4,0";"571";"2460";"77,0";"0,0";"0,0";"1,0";"0,0"
"836008039463387100";"12";"63";"11";"20";"0,0";"64";"47";"11,0";"0,0";"0,0";"0,0";"0,0"
"1329997428";"12";"59";"3";"20";"61,0";"177";"10858";"3,0";"0,0";"1,0";"1,0";"0,0"
"457634431";"5";"20";"3";"20";"2,0";"240";"656";"3,0";"0,0";"1,0";"0,0";"0,0"
"797925044";"10";"34";"12";"20";"5,0";"549";"3150";"12,0";"0,0";"0,0";"0,0";"0,0"
"731613771010068500";"11";"91";"15";"20";"4,0";"311";"1310";"15,0";"0,0";"1,0";"1,0";"0,0"
"333298403";"10";"144";"3";"20";"2,0";"45";"91";"3,0";"0,0";"1,0";"1,0";"0,0"
"739905895279251500";"10";"0";"1";"20";"0,0";"207";"82";"1,0";"0,0";"1,0";"1,0";"0,0"
"1026796656";"10";"98";"1";"20";"16,0";"419";"6912";"1,0";"0,0";"0,0";"1,0";"0,0"
"1541034643";"9";"0";"1";"20";"18,0";"1283";"23215";"1,0";"0,0";"1,0";"0,0";"0,0"
"804394062090567700";"8";"35";"3";"20";"0,0";"186";"163";"3,0";"0,0";"1,0";"0,0";"0,0"
"3003740739";"15";"77";"83";"20";"0,0";"544";"55";"83,0";"0,0";"1,0";"0,0";"0,0"
"4063200100";"9";"24";"7";"20";"10,0";"97";"1013";"7,0";"0,0";"0,0";"1,0";"0,0"
"1696236630";"14";"0";"8";"20";"0,0";"32";"15";"8,0";"0,0";"1,0";"0,0";"0,0"
"2767418790";"12";"147";"3";"20";"2,0";"1464";"3926";"3,0";"0,0";"0,0";"1,0";"0,0"
"701529047642280000";"15";"0";"7";"20";"0,0";"16";"1";"7,0";"0,0";"1,0";"0,0";"0,0"
"4699195770";"6";"55";"2";"20";"1,0";"193";"364";"2,0";"0,0";"1,0";"0,0";"0,0"
"580107253";"13";"0";"12";"20";"0,0";"59";"41";"12,0";"1,0";"0,0";"1,0";"0,0"
"1716586297";"9";"23";"2";"20";"4,0";"291";"1400";"2,0";"0,0";"0,0";"1,0";"0,0"
"719268787";"9";"59";"3";"20";"1,0";"360";"623";"3,0";"0,0";"1,0";"0,0";"0,0"
"2855123777";"11";"0";"1";"20";"15,0";"30";"457";"1,0";"0,0";"1,0";"0,0";"0,0"
"854663270439026700";"10";"53";"3";"20";"0,0";"96";"38";"3,0";"0,0";"1,0";"0,0";"0,0"
"843431021999743000";"6";"84";"3";"20";"0,0";"205";"75";"3,0";"0,0";"1,0";"0,0";"1,0"
"233893003";"11";"160";"71";"20";"6,0";"2497";"15726";"71,0";"1,0";"0,0";"1,0";"0,0"
"850545687964000300";"10";"114";"83";"20";"0,0";"87";"46";"83,0";"0,0";"0,0";"0,0";"0,0"
"3346917117";"11";"11";"7";"20";"0,0";"112";"86";"7,0";"0,0";"1,0";"0,0";"0,0"
"768898691944030200";"13";"28";"2";"20";"0,0";"264";"34";"2,0";"0,0";"1,0";"0,0";"0,0"
"4354294277";"9";"158";"3";"20";"0,0";"2060";"207";"3,0";"2,0";"1,0";"1,0";"0,0"
"716157728";"10";"25";"77";"20";"1,0";"82";"98";"77,0";"0,0";"1,0";"0,0";"0,0"
"2164756629";"11";"36";"8";"20";"0,0";"139";"65";"8,0";"0,0";"3,0";"0,0";"0,0"
"580195072";"7";"133";"7";"20";"3,0";"98";"371";"7,0";"0,0";"1,0";"0,0";"0,0"
"4317925577";"11";"84";"1";"20";"0,0";"738";"541";"1,0";"0,0";"2,0";"0,0";"0,0"
"304812988";"15";"90";"3";"20";"87,0";"12";"1054";"3,0";"0,0";"1,0";"0,0";"0,0"
"861590446769877000";"11";"0";"3";"20";"0,0";"35";"3";"3,0";"3,0";"3,0";"0,0";"0,0"
"788437307426762800";"11";"16";"2";"20";"0,0";"78";"50";"2,0";"0,0";"0,0";"0,0";"0,0"
"833984542209871900";"9";"55";"3";"20";"0,0";"370";"71";"3,0";"0,0";"1,0";"0,0";"0,0"
"609191376";"7";"141";"11";"20";"0,0";"547";"207";"11,0";"1,0";"2,0";"0,0";"0,0"
"2181925778";"10";"160";"1";"20";"0,0";"708";"619";"1,0";"0,0";"1,0";"0,0";"0,0"
"830551945727324200";"8";"132";"1";"20";"0,0";"533";"154";"1,0";"0,0";"0,0";"1,0";"0,0"
"2193228569";"11";"113";"1";"20";"7,0";"185";"1295";"1,0";"0,0";"1,0";"0,0";"0,0"
"1589073684";"6";"0";"1";"20";"0,0";"113";"4";"1,0";"0,0";"3,0";"0,0";"0,0"
"589292220";"6";"158";"1";"20";"0,0";"1694";"1461";"1,0";"3,0";"2,0";"1,0";"0,0"
"91354325";"8";"160";"1";"20";"2,0";"1227";"3279";"1,0";"1,0";"0,0";"1,0";"0,0"
"528664100";"9";"64";"1";"20";"1,0";"125";"154";"1,0";"0,0";"0,0";"0,0";"0,0"
"1546034574";"12";"20";"2";"20";"3,0";"298";"924";"2,0";"0,0";"1,0";"1,0";"0,0"
"782679091648471000";"12";"18";"10";"20";"4,0";"288";"1193";"10,0";"0,0";"1,0";"0,0";"0,0"
"2938277523";"8";"93";"7";"20";"2,0";"495";"1185";"7,0";"2,0";"2,0";"0,0";"0,0"
"254068375";"5";"0";"3";"20";"0,0";"298";"72";"3,0";"0,0";"1,0";"0,0";"0,0"
"3180534827";"6";"0";"7";"20";"52,0";"40";"2112";"7,0";"0,0";"1,0";"0,0";"0,0"
"789084298120982500";"11";"16";"77";"20";"1,0";"60";"102";"77,0";"0,0";"0,0";"0,0";"0,0"
"37757950";"8";"81";"2";"20";"1,0";"195";"221";"2,0";"0,0";"1,0";"0,0";"0,0"
"38392822";"7";"98";"4";"20";"0,0";"3077";"2255";"4,0";"1,0";"4,0";"0,0";"0,0"
"4634600955";"11";"10";"3";"20";"1,0";"394";"519";"3,0";"0,0";"2,0";"0,0";"0,0"
"741932019614142500";"14";"153";"1";"20";"2,0";"92";"198";"1,0";"0,0";"1,0";"0,0";"0,0"
"798216229953617900";"13";"0";"1";"20";"0,0";"85";"56";"1,0";"1,0";"1,0";"0,0";"0,0"
"2335634174";"8";"0";"2";"20";"0,0";"990";"617";"2,0";"0,0";"1,0";"0,0";"0,0"
"3602112377";"7";"117";"3";"20";"1,0";"470";"599";"3,0";"0,0";"1,0";"0,0";"0,0"
"2993869756";"12";"141";"81";"20";"1,0";"9101";"17731";"81,0";"2,0";"1,0";"0,0";"0,0"
"4756300462";"7";"22";"3";"20";"1,0";"206";"317";"3,0";"0,0";"1,0";"0,0";"0,0"
"2976252087";"8";"44";"4";"20";"2,0";"267";"611";"4,0";"0,0";"1,0";"1,0";"0,0"
"480730486";"11";"95";"7";"20";"2,0";"420";"1154";"7,0";"0,0";"1,0";"1,0";"0,0"
"451685177";"7";"40";"3";"20";"2,0";"286";"737";"3,0";"0,0";"1,0";"0,0";"0,0"
"227343441";"7";"155";"3";"20";"0,0";"4415";"2608";"3,0";"0,0";"1,0";"0,0";"0,0"
"820582536787230700";"8";"124";"1";"20";"0,0";"1415";"871";"1,0";"0,0";"0,0";"1,0";"0,0"
"498711640";"8";"37";"77";"20";"6,0";"271";"1791";"77,0";"0,0";"1,0";"0,0";"0,0"
"43950975";"8";"136";"1";"20";"0,0";"703";"271";"1,0";"0,0";"0,0";"1,0";"0,0"
"875436026889719800";"15";"160";"3";"20";"0,0";"43";"6";"3,0";"1,0";"2,0";"0,0";"0,0"
"1652532122";"15";"159";"3";"20";"0,0";"686";"317";"3,0";"0,0";"2,0";"0,0";"0,0"
"736903836330266600";"9";"3";"4";"20";"1,0";"116";"175";"4,0";"0,0";"3,0";"0,0";"0,0"
"2896399684";"10";"9";"77";"20";"3,0";"199";"618";"77,0";"0,0";"1,0";"0,0";"0,0"
"29610030";"5";"49";"4";"20";"2,0";"996";"2955";"4,0";"0,0";"1,0";"1,0";"0,0"
"2636647622";"10";"0";"1";"20";"6,0";"49";"309";"1,0";"0,0";"2,0";"0,0";"0,0"
"858663413244993500";"15";"39";"2";"20";"0,0";"143";"54";"2,0";"0,0";"1,0";"0,0";"0,0"
"82580760";"11";"40";"5";"20";"1,0";"705";"1359";"5,0";"1,0";"0,0";"1,0";"0,0"
"964298892";"9";"135";"77";"20";"2,0";"376";"917";"77,0";"2,0";"1,0";"1,0";"0,0"
"1050457957";"14";"0";"85";"20";"0,0";"284";"233";"85,0";"0,0";"0,0";"0,0";"0,0"
"447564624";"8";"25";"5";"20";"0,0";"492";"288";"5,0";"0,0";"0,0";"1,0";"0,0"
"4483891900";"11";"128";"7";"20";"3,0";"109";"335";"7,0";"1,0";"1,0";"1,0";"0,0"
"2579700675";"13";"103";"1";"20";"1,0";"207";"215";"1,0";"0,0";"0,0";"0,0";"0,0"
"727545813090615300";"6";"42";"2";"20";"1,0";"233";"251";"2,0";"0,0";"1,0";"0,0";"0,0"
"744137699137851400";"7";"0";"12";"20";"0,0";"978";"70";"12,0";"0,0";"4,0";"1,0";"0,0"
"114259143";"9";"151";"7";"20";"1,0";"764";"831";"7,0";"1,0";"1,0";"0,0";"0,0"
"3053782026";"9";"46";"3";"20";"2,0";"203";"464";"3,0";"0,0";"1,0";"1,0";"0,0"
"754810604";"7";"35";"8";"20";"0,0";"0";"1468";"8,0";"0,0";"0,0";"2,0";"0,0"
"856161401727045600";"8";"0";"4";"20";"0,0";"251";"168";"4,0";"0,0";"0,0";"1,0";"0,0"
"834840087787610100";"12";"48";"2";"20";"3,0";"81";"275";"2,0";"0,0";"0,0";"0,0";"0,0"
"784329896";"14";"98";"4";"20";"4,0";"173";"755";"4,0";"0,0";"1,0";"0,0";"0,0"
"958772029";"11";"0";"3";"20";"1,0";"155";"182";"3,0";"0,0";"1,0";"0,0";"0,0"
"3331347592";"12";"14";"2";"20";"1,0";"191";"192";"2,0";"0,0";"1,0";"0,0";"0,0"
"574187555";"7";"40";"3";"20";"0,0";"103";"44";"3,0";"0,0";"0,0";"1,0";"0,0"
"3363103343";"13";"55";"3";"20";"1,0";"263";"420";"3,0";"0,0";"0,0";"1,0";"0,0"
"578240605";"13";"38";"74";"20";"0,0";"247";"160";"74,0";"0,0";"1,0";"0,0";"0,0"
"1588735106";"15";"123";"3";"20";"1,0";"384";"489";"3,0";"0,0";"2,0";"1,0";"0,0"
"627769177";"10";"8";"7";"20";"1,0";"99";"141";"7,0";"0,0";"1,0";"1,0";"0,0"
"561083213";"14";"67";"1";"20";"1,0";"439";"685";"1,0";"0,0";"1,0";"0,0";"0,0"
"3346875712";"10";"4";"10";"20";"1,0";"378";"494";"10,0";"0,0";"1,0";"0,0";"0,0"
"4846936793";"14";"158";"12";"20";"0,0";"167";"116";"12,0";"0,0";"2,0";"0,0";"0,0"
"3127840814";"12";"17";"77";"20";"1,0";"791";"896";"77,0";"0,0";"1,0";"0,0";"0,0"
"1889602274";"14";"0";"1";"20";"1,0";"115";"139";"1,0";"0,0";"1,0";"0,0";"0,0"
"257631512";"7";"67";"3";"20";"0,0";"293";"283";"3,0";"0,0";"1,0";"1,0";"0,0"
"3035129517";"10";"138";"2";"20";"0,0";"599";"572";"2,0";"0,0";"0,0";"1,0";"0,0"
"3008848144";"11";"14";"7";"20";"1,0";"292";"418";"7,0";"0,0";"1,0";"0,0";"0,0"
"370637904";"8";"112";"3";"20";"0,0";"1494";"877";"3,0";"2,0";"1,0";"0,0";"0,0"
"775315422883250200";"15";"102";"1";"20";"0,0";"674";"416";"1,0";"0,0";"0,0";"1,0";"0,0"
"1382971454";"9";"82";"1";"20";"0,0";"664";"409";"1,0";"0,0";"1,0";"0,0";"0,0"
"1462549886";"15";"85";"8";"20";"1,0";"1813";"2098";"8,0";"0,0";"1,0";"0,0";"0,0"
"33459117";"10";"130";"1";"20";"181,0";"155";"28151";"1,0";"3,0";"0,0";"1,0";"0,0"
"1428967290";"15";"27";"81";"20";"2,0";"294";"694";"81,0";"0,0";"1,0";"0,0";"0,0"
"2714069906";"13";"12";"3";"20";"0,0";"120";"42";"3,0";"3,0";"2,0";"0,0";"0,0"
"874620977036091400";"11";"9";"5";"20";"0,0";"206";"20";"5,0";"2,0";"1,0";"0,0";"0,0"
"2944925145";"14";"151";"71";"20";"0,0";"127";"54";"71,0";"1,0";"1,0";"0,0";"0,0"
"3026859530";"10";"0";"7";"20";"1,0";"283";"424";"7,0";"0,0";"2,0";"0,0";"0,0"
"706124819553775600";"14";"154";"79";"20";"1,0";"561";"656";"79,0";"0,0";"1,0";"0,0";"0,0"
"1081272853";"12";"44";"73";"20";"1,0";"75";"76";"73,0";"0,0";"1,0";"1,0";"0,0"
"2476524021";"10";"10";"1";"20";"0,0";"703";"440";"1,0";"1,0";"1,0";"0,0";"0,0"
"317948057";"11";"0";"4";"20";"0,0";"126";"55";"4,0";"1,0";"1,0";"0,0";"0,0"
"778132490";"13";"0";"85";"20";"1,0";"172";"241";"85,0";"0,0";"1,0";"0,0";"0,0"
"616433365";"6";"142";"2";"20";"0,0";"170";"79";"2,0";"0,0";"1,0";"0,0";"0,0"
"1049050346";"14";"96";"3";"20";"0,0";"380";"342";"3,0";"0,0";"1,0";"1,0";"0,0"
"1436452844";"15";"27";"81";"20";"2,0";"636";"1703";"81,0";"0,0";"1,0";"0,0";"0,0"
"1864191343";"13";"0";"3";"20";"1,0";"127";"144";"3,0";"0,0";"0,0";"0,0";"0,0"
"817049576167370800";"8";"6";"1";"20";"1,0";"244";"266";"1,0";"0,0";"1,0";"0,0";"0,0"
"3180394467";"14";"0";"3";"20";"0,0";"406";"32";"3,0";"0,0";"1,0";"0,0";"0,0"
"2195400867";"9";"0";"2";"20";"0,0";"57";"20";"2,0";"0,0";"1,0";"0,0";"0,0"
"568136614";"14";"66";"8";"20";"1,0";"789";"1229";"8,0";"0,0";"1,0";"0,0";"0,0"
"20233039";"10";"30";"3";"20";"4,0";"195";"870";"3,0";"0,0";"0,0";"0,0";"0,0"
"186558816";"10";"23";"1";"20";"5,0";"196";"1075";"1,0";"0,0";"0,0";"0,0";"0,0"
"1660762237";"7";"0";"3";"20";"2,0";"70";"203";"3,0";"0,0";"1,0";"0,0";"0,0"
"3342536122";"8";"105";"1";"20";"2,0";"86";"175";"1,0";"0,0";"0,0";"0,0";"0,0"
"854267651677466600";"7";"29";"3";"20";"0,0";"542";"156";"3,0";"0,0";"1,0";"0,0";"0,0"
"2880241966";"11";"30";"3";"20";"1,0";"160";"210";"3,0";"0,0";"1,0";"0,0";"0,0"
"1540708700";"14";"4";"2";"20";"1,0";"189";"363";"2,0";"0,0";"1,0";"0,0";"0,0"
"551023195";"12";"65";"1";"20";"3,0";"332";"1097";"1,0";"0,0";"2,0";"0,0";"0,0"
"869458335208177700";"12";"55";"1";"20";"0,0";"19";"12";"1,0";"1,0";"1,0";"1,0";"0,0"
"452878433";"6";"164";"3";"20";"2,0";"147";"324";"3,0";"2,0";"0,0";"1,0";"0,0"
"101491883";"10";"8";"2";"20";"0,0";"495";"71";"2,0";"0,0";"1,0";"1,0";"0,0"
"165794639";"8";"137";"74";"20";"18,0";"563";"10203";"74,0";"0,0";"1,0";"1,0";"0,0"
"796736121757663200";"10";"40";"1";"20";"1,0";"76";"76";"1,0";"0,0";"1,0";"0,0";"0,0"
"874550081327902700";"15";"131";"3";"20";"0,0";"300";"115";"3,0";"0,0";"1,0";"1,0";"0,0"
"460181979";"14";"0";"7";"20";"0,0";"169";"64";"7,0";"0,0";"1,0";"0,0";"0,0"
"795682479399178200";"9";"3";"2";"20";"1,0";"153";"227";"2,0";"0,0";"1,0";"0,0";"0,0"
"2782488420";"15";"82";"11";"20";"1,0";"1151";"1275";"11,0";"0,0";"1,0";"0,0";"0,0"
"869312748450181100";"8";"19";"3";"20";"0,0";"452";"97";"3,0";"0,0";"2,0";"0,0";"0,0"
"359462865";"14";"160";"1";"20";"1172,0";"14";"16421";"1,0";"0,0";"1,0";"0,0";"0,0"
"802088468289638400";"11";"99";"77";"20";"0,0";"428";"348";"77,0";"2,0";"1,0";"0,0";"0,0"
"753787228212559900";"12";"102";"7";"20";"0,0";"514";"298";"7,0";"0,0";"2,0";"0,0";"0,0"
"2842948529";"15";"16";"1";"20";"1,0";"16960";"25411";"1,0";"0,0";"1,0";"0,0";"0,0"
"1145284224";"7";"159";"1";"20";"11,0";"386";"4279";"1,0";"0,0";"0,0";"1,0";"0,0"
"82148899";"11";"150";"3";"20";"1,0";"1269";"1628";"3,0";"0,0";"0,0";"1,0";"0,0"
"3260930196";"12";"0";"3";"20";"0,0";"140";"19";"3,0";"0,0";"1,0";"0,0";"0,0"
"798281418535305200";"13";"0";"3";"20";"0,0";"105";"73";"3,0";"0,0";"1,0";"1,0";"0,0"
"825277436";"11";"145";"2";"20";"0,0";"1486";"796";"2,0";"1,0";"0,0";"0,0";"0,0"
"917230694";"7";"23";"1";"20";"27,0";"108";"3013";"1,0";"0,0";"1,0";"0,0";"0,0"
"2665438224";"10";"59";"77";"20";"1,0";"636";"1123";"77,0";"0,0";"1,0";"0,0";"0,0"
"557808621";"14";"79";"1";"20";"0,0";"596";"424";"1,0";"0,0";"0,0";"0,0";"0,0"
"1118906466";"14";"126";"1";"20";"0,0";"194";"182";"1,0";"0,0";"1,0";"0,0";"0,0"
"184742358";"14";"8";"4";"20";"0,0";"1066";"327";"4,0";"0,0";"2,0";"0,0";"0,0"
"2971710400";"12";"8";"12";"20";"12,0";"95";"1201";"12,0";"0,0";"1,0";"0,0";"0,0"
"2221733517";"15";"14";"3";"20";"2,0";"232";"531";"3,0";"0,0";"1,0";"1,0";"0,0"
"1080273536";"8";"81";"3";"20";"5,0";"525";"2950";"3,0";"0,0";"1,0";"0,0";"0,0"
"3049856812";"14";"35";"6";"20";"1,0";"473";"503";"6,0";"0,0";"1,0";"0,0";"0,0"
"1697398729";"10";"80";"2";"20";"0,0";"699";"434";"2,0";"0,0";"1,0";"0,0";"0,0"
"813043617711484900";"12";"156";"3";"20";"0,0";"28";"25";"3,0";"0,0";"5,0";"0,0";"0,0"
"2844148591";"8";"137";"1";"20";"2,0";"496";"1248";"1,0";"1,0";"0,0";"0,0";"0,0"
"637003549";"10";"106";"1";"20";"1,0";"199";"296";"1,0";"1,0";"0,0";"1,0";"0,0"
"728600905805869000";"8";"48";"1";"20";"0,0";"535";"407";"1,0";"0,0";"0,0";"1,0";"0,0"
"2886010612";"6";"21";"1";"20";"1,0";"445";"572";"1,0";"0,0";"1,0";"0,0";"0,0"
"712312283595051000";"7";"25";"1";"20";"1,0";"83";"85";"1,0";"0,0";"3,0";"0,0";"0,0"
"211574383";"13";"104";"3";"20";"1,0";"1319";"1764";"3,0";"3,0";"1,0";"1,0";"0,0"
"457007560";"9";"0";"1";"20";"0,0";"315";"49";"1,0";"0,0";"3,0";"0,0";"0,0"
"762331154338881500";"15";"147";"1";"20";"1,0";"50";"74";"1,0";"1,0";"2,0";"1,0";"0,0"
"1897167854";"12";"160";"3";"20";"0,0";"1176";"1050";"3,0";"5,0";"2,0";"1,0";"0,0"
"2905665484";"10";"0";"12";"20";"1,0";"98";"188";"12,0";"0,0";"1,0";"0,0";"0,0"
"187992119";"11";"105";"4";"20";"2,0";"787";"2228";"4,0";"0,0";"0,0";"1,0";"0,0"
"765520909977387000";"9";"0";"3";"20";"0,0";"88";"84";"3,0";"0,0";"1,0";"0,0";"0,0"
"847001887815716900";"15";"0";"2";"20";"0,0";"1546";"267";"2,0";"2,0";"7,0";"0,0";"0,0"
"2943323238";"7";"35";"3";"20";"0,0";"694";"663";"3,0";"0,0";"0,0";"0,0";"0,0"
"743931887249461200";"11";"17";"3";"20";"0,0";"234";"224";"3,0";"0,0";"1,0";"0,0";"0,0"
"3244704364";"6";"28";"11";"20";"4,0";"666";"2664";"11,0";"0,0";"2,0";"0,0";"0,0"
"3198367145";"10";"138";"3";"20";"3,0";"329";"1264";"3,0";"0,0";"0,0";"1,0";"0,0"
"1257679357";"9";"3";"1";"20";"2,0";"221";"489";"1,0";"0,0";"1,0";"0,0";"0,0"
"2877880473";"9";"0";"1";"20";"0,0";"43";"18";"1,0";"0,0";"2,0";"0,0";"0,0"
"1098828396";"9";"54";"1";"20";"1,0";"269";"297";"1,0";"0,0";"0,0";"0,0";"0,0"
"1329497130";"12";"42";"3";"20";"1,0";"574";"1042";"3,0";"0,0";"1,0";"1,0";"0,0"
"546298779";"7";"6";"2";"20";"25,0";"200";"5027";"2,0";"0,0";"1,0";"1,0";"0,0"
"857261518701948900";"10";"159";"3";"20";"0,0";"153";"151";"3,0";"0,0";"1,0";"1,0";"0,0"
"788872980604608500";"15";"13";"2";"20";"1,0";"195";"253";"2,0";"0,0";"0,0";"1,0";"0,0"
"812341624084766700";"9";"108";"73";"20";"0,0";"103";"89";"73,0";"0,0";"1,0";"0,0";"0,0"
"2591062380";"14";"162";"7";"20";"2,0";"154";"338";"7,0";"0,0";"0,0";"1,0";"0,0"
"3327235443";"6";"14";"4";"20";"0,0";"138";"121";"4,0";"0,0";"1,0";"1,0";"0,0"
"107976012";"9";"86";"71";"20";"0,0";"564";"528";"71,0";"0,0";"2,0";"0,0";"0,0"
"4860768923";"10";"117";"79";"20";"6,0";"20";"138";"79,0";"0,0";"0,0";"0,0";"0,0"
"610162550";"13";"81";"4";"20";"1,0";"696";"955";"4,0";"0,0";"1,0";"0,0";"0,0"
"324937847";"12";"28";"1";"20";"2,0";"168";"404";"1,0";"0,0";"1,0";"0,0";"0,0"
"15813595";"9";"124";"3";"20";"1,0";"349";"387";"3,0";"0,0";"1,0";"0,0";"0,0"
"222383726";"9";"86";"15";"20";"0,0";"875";"349";"15,0";"0,0";"1,0";"0,0";"0,0"
"3167117289";"8";"36";"3";"20";"2,0";"306";"917";"3,0";"1,0";"1,0";"0,0";"0,0"
"771814905859174400";"14";"87";"81";"20";"0,0";"54";"48";"81,0";"0,0";"0,0";"1,0";"0,0"
"2341812391";"14";"146";"2";"20";"0,0";"286";"111";"2,0";"0,0";"0,0";"0,0";"0,0"
"3086402754";"6";"56";"3";"20";"0,0";"167";"139";"3,0";"0,0";"1,0";"0,0";"0,0"
"2170618463";"10";"157";"2";"20";"2,0";"87";"202";"2,0";"0,0";"1,0";"0,0";"0,0"
"722233423";"13";"0";"2";"20";"0,0";"457";"342";"2,0";"0,0";"1,0";"0,0";"0,0"
"70707057";"14";"47";"74";"20";"12,0";"837";"10047";"74,0";"0,0";"1,0";"1,0";"0,0"
"2218524529";"11";"59";"3";"20";"19,0";"49";"977";"3,0";"0,0";"0,0";"1,0";"0,0"
"1355225995";"10";"103";"77";"20";"1,0";"171";"189";"77,0";"0,0";"1,0";"1,0";"0,0"
"2944076847";"13";"11";"3";"20";"7,0";"159";"1219";"3,0";"0,0";"0,0";"1,0";"0,0"
"1514432785";"12";"90";"1";"20";"2,0";"40";"80";"1,0";"3,0";"1,0";"0,0";"0,0"
"244012508";"14";"125";"5";"20";"0,0";"210";"158";"5,0";"0,0";"2,0";"1,0";"0,0"
"84913746";"8";"139";"3";"20";"4,0";"1639";"7360";"3,0";"6,0";"2,0";"0,0";"0,0"
"2539213881";"7";"0";"3";"20";"1,0";"186";"197";"3,0";"0,0";"0,0";"0,0";"0,0"
"853227689502806000";"8";"85";"3";"20";"0,0";"163";"28";"3,0";"0,0";"1,0";"0,0";"0,0"
"3349705929";"13";"43";"8";"20";"3,0";"158";"491";"8,0";"0,0";"0,0";"1,0";"0,0"
"1504828117";"7";"0";"1";"20";"0,0";"88";"18";"1,0";"0,0";"3,0";"0,0";"0,0"
"135529340";"12";"76";"74";"20";"1,0";"127";"228";"74,0";"0,0";"1,0";"0,0";"0,0"
"2506216972";"14";"54";"7";"20";"0,0";"1395";"329";"7,0";"0,0";"1,0";"0,0";"0,0"
"721305552530313200";"10";"0";"2";"20";"0,0";"26";"22";"2,0";"0,0";"0,0";"1,0";"0,0"
"269454206";"10";"90";"86";"20";"0,0";"2224";"883";"86,0";"0,0";"1,0";"1,0";"0,0"
"2826013440";"11";"72";"1";"20";"1,0";"17577";"32372";"1,0";"0,0";"1,0";"0,0";"0,0"
"2282204018";"13";"16";"7";"20";"0,0";"3197";"1426";"7,0";"0,0";"1,0";"0,0";"0,0"
"352978556";"5";"78";"8";"20";"4,0";"123";"569";"8,0";"0,0";"0,0";"0,0";"0,0"
"41142539";"11";"121";"3";"20";"9,0";"1344";"13337";"3,0";"0,0";"1,0";"0,0";"0,0"
"944190264";"13";"134";"8";"20";"8,0";"374";"3064";"8,0";"0,0";"1,0";"0,0";"0,0"
"820593683825299500";"11";"19";"8";"20";"1,0";"315";"545";"8,0";"0,0";"0,0";"0,0";"0,0"
"2996105495";"8";"159";"1";"20";"0,0";"477";"134";"1,0";"0,0";"1,0";"0,0";"0,0"
"194234391";"9";"95";"1";"20";"0,0";"357";"198";"1,0";"0,0";"1,0";"0,0";"0,0"
"2830076713";"9";"95";"1";"20";"1,0";"202";"309";"1,0";"0,0";"2,0";"1,0";"0,0"
"580079893";"14";"59";"3";"20";"8,0";"207";"1764";"3,0";"0,0";"1,0";"0,0";"0,0"
"795621153167540200";"10";"112";"7";"20";"0,0";"65";"28";"7,0";"1,0";"1,0";"0,0";"0,0"
"1314254299";"15";"6";"81";"20";"2,0";"114";"249";"81,0";"0,0";"1,0";"0,0";"0,0"
"700023170808602600";"7";"139";"1";"20";"11641,0";"2";"23282";"1,0";"0,0";"1,0";"0,0";"0,0"
"1019758430";"13";"0";"3";"20";"0,0";"819";"521";"3,0";"0,0";"1,0";"0,0";"0,0"
"3244831487";"15";"79";"3";"20";"15,0";"92";"1437";"3,0";"0,0";"1,0";"1,0";"0,0"
"870317905346523100";"12";"161";"2";"20";"0,0";"20";"15";"2,0";"0,0";"0,0";"1,0";"0,0"
"1556395867";"13";"34";"1";"20";"3,0";"517";"1554";"1,0";"0,0";"0,0";"1,0";"0,0"
"788385134609371100";"10";"28";"7";"20";"1,0";"57";"60";"7,0";"0,0";"1,0";"0,0";"0,0"
"3434364688";"12";"73";"4";"20";"0,0";"231";"197";"4,0";"0,0";"2,0";"0,0";"0,0"
"4573082422";"9";"31";"1";"20";"21,0";"497";"10507";"1,0";"0,0";"1,0";"0,0";"0,0"
"616433435";"9";"97";"1";"20";"0,0";"196";"158";"1,0";"0,0";"0,0";"0,0";"0,0"
"2209411099";"9";"27";"81";"20";"4,0";"533";"2392";"81,0";"0,0";"1,0";"1,0";"0,0"
"2965521257";"12";"29";"6";"20";"20,0";"526";"10687";"6,0";"0,0";"0,0";"0,0";"0,0"
"2953257897";"5";"102";"1";"20";"3,0";"106";"342";"1,0";"0,0";"1,0";"0,0";"0,0"
"1114610143";"9";"0";"73";"20";"6,0";"48";"334";"73,0";"0,0";"6,0";"0,0";"0,0"
"520760506";"8";"127";"3";"20";"2,0";"435";"876";"3,0";"0,0";"1,0";"0,0";"0,0"
"831556471657738200";"7";"51";"2";"20";"1,0";"339";"414";"2,0";"0,0";"1,0";"0,0";"0,0"
"865994641530859500";"9";"0";"12";"20";"0,0";"45";"33";"12,0";"0,0";"1,0";"0,0";"0,0"
"2441966132";"15";"45";"74";"20";"1,0";"204";"282";"74,0";"0,0";"1,0";"1,0";"0,0"
"496178728";"6";"38";"6";"20";"1,0";"337";"499";"6,0";"0,0";"0,0";"0,0";"0,0"
"57299114";"13";"75";"3";"20";"2,0";"589";"1477";"3,0";"0,0";"1,0";"0,0";"0,0"
"2864353659";"12";"131";"2";"20";"1,0";"371";"437";"2,0";"0,0";"0,0";"0,0";"0,0"
"350603043";"12";"131";"3";"20";"1,0";"714";"1004";"3,0";"0,0";"1,0";"0,0";"0,0"
"3209393284";"11";"88";"7";"20";"3,0";"97";"313";"7,0";"0,0";"1,0";"0,0";"1,0"
"2932622620";"9";"0";"3";"20";"0,0";"98";"26";"3,0";"0,0";"0,0";"1,0";"0,0"
"477542308";"9";"160";"11";"20";"1,0";"2086";"3999";"11,0";"0,0";"1,0";"0,0";"0,0"
"2753511371";"11";"17";"1";"20";"0,0";"555";"356";"1,0";"0,0";"0,0";"1,0";"0,0"
"303669711";"12";"117";"8";"20";"3,0";"106";"329";"8,0";"0,0";"1,0";"1,0";"0,0"
"70158329";"7";"79";"1";"20";"1,0";"995";"1362";"1,0";"0,0";"2,0";"0,0";"0,0"
"4624949363";"10";"1";"7";"20";"0,0";"904";"510";"7,0";"0,0";"1,0";"0,0";"0,0"
"2853255665";"15";"146";"1";"20";"3,0";"281";"1020";"1,0";"2,0";"0,0";"1,0";"0,0"
"322846938";"14";"60";"3";"20";"0,0";"226";"97";"3,0";"0,0";"1,0";"0,0";"0,0"
"3081942100";"8";"110";"4";"20";"10,0";"265";"2736";"4,0";"0,0";"8,0";"1,0";"0,0"
"2387811772";"10";"29";"7";"20";"1,0";"381";"698";"7,0";"0,0";"1,0";"0,0";"0,0"
"3388123654";"5";"2";"5";"20";"0,0";"219";"143";"5,0";"0,0";"1,0";"0,0";"0,0"
"715161814829498400";"14";"91";"1";"20";"5,0";"295";"1504";"1,0";"0,0";"0,0";"1,0";"0,0"
"716992429698773000";"15";"153";"3";"20";"0,0";"4826";"1752";"3,0";"1,0";"0,0";"0,0";"0,0"
"826482087549136900";"10";"30";"3";"20";"0,0";"68";"47";"3,0";"0,0";"0,0";"0,0";"0,0"
"3253153253";"8";"20";"1";"20";"1,0";"326";"516";"1,0";"0,0";"1,0";"0,0";"0,0"
"4484005702";"8";"87";"15";"20";"5,0";"43";"227";"15,0";"0,0";"1,0";"0,0";"0,0"
"442209880";"12";"112";"2";"20";"1,0";"395";"444";"2,0";"0,0";"0,0";"1,0";"0,0"
"969518528";"12";"144";"7";"20";"0,0";"10";"1";"7,0";"0,0";"0,0";"0,0";"0,0"
"791179450880753700";"15";"18";"1";"20";"1,0";"272";"360";"1,0";"0,0";"2,0";"0,0";"0,0"
"637454832";"10";"39";"3";"20";"1,0";"467";"929";"3,0";"0,0";"1,0";"1,0";"0,0"
"1276006400";"10";"0";"1";"20";"540,0";"36";"19450";"1,0";"0,0";"1,0";"0,0";"0,0"
"16649457";"9";"66";"2";"20";"33,0";"362";"12011";"2,0";"0,0";"0,0";"0,0";"0,0"
"600305619";"11";"53";"8";"20";"1,0";"145";"247";"8,0";"0,0";"1,0";"0,0";"0,0"
"4655991194";"13";"40";"1";"20";"0,0";"179";"136";"1,0";"0,0";"1,0";"0,0";"0,0"
"2623762499";"15";"35";"1";"20";"1,0";"12960";"23119";"1,0";"0,0";"1,0";"0,0";"0,0"
"17757486";"9";"160";"2";"20";"1,0";"476";"854";"2,0";"0,0";"0,0";"0,0";"0,0"
"1216240735";"13";"7";"3";"20";"0,0";"961";"780";"3,0";"0,0";"1,0";"0,0";"0,0"
"876761249706639400";"6";"55";"73";"20";"0,0";"18";"7";"73,0";"0,0";"0,0";"0,0";"0,0"
"808490005";"11";"157";"3";"20";"20,0";"233";"4662";"3,0";"0,0";"1,0";"0,0";"0,0"
"738762499651145700";"7";"15";"3";"20";"6,0";"279";"1814";"3,0";"0,0";"0,0";"1,0";"0,0"
"1009508365";"12";"11";"1";"20";"1,0";"644";"786";"1,0";"0,0";"0,0";"0,0";"0,0"
"2297406664";"8";"32";"3";"20";"8,0";"267";"2334";"3,0";"0,0";"0,0";"1,0";"0,0"
"283528396";"8";"27";"3";"20";"1,0";"489";"734";"3,0";"1,0";"1,0";"0,0";"0,0"
"205742191";"12";"94";"11";"20";"3,0";"394";"1238";"11,0";"4,0";"0,0";"1,0";"0,0"
"1558868185";"11";"25";"1";"20";"1,0";"54";"95";"1,0";"0,0";"1,0";"0,0";"0,0"
"604665919";"6";"113";"4";"20";"3,0";"429";"1363";"4,0";"0,0";"1,0";"0,0";"0,0"
"865597717812260900";"13";"14";"79";"20";"1,0";"37";"60";"79,0";"0,0";"0,0";"1,0";"0,0"
"716668553";"15";"60";"6";"20";"3,0";"79";"273";"6,0";"1,0";"1,0";"0,0";"0,0"
"4882614087";"9";"32";"3";"20";"13,0";"79";"1034";"3,0";"0,0";"1,0";"0,0";"0,0"
"1221618834";"9";"17";"1";"20";"2,0";"24684";"53386";"1,0";"0,0";"1,0";"0,0";"0,0"
"800729988861308900";"9";"0";"1";"20";"0,0";"1";"0";"1,0";"1,0";"0,0";"1,0";"0,0"
"516770443";"15";"35";"7";"20";"1,0";"546";"996";"7,0";"1,0";"1,0";"0,0";"0,0"
"3240271222";"14";"0";"1";"20";"1,0";"16160";"28716";"1,0";"0,0";"1,0";"0,0";"0,0"
"717537008994885600";"7";"0";"1";"20";"0,0";"32";"5";"1,0";"1,0";"0,0";"1,0";"0,0"
"3374601598";"14";"0";"71";"20";"2,0";"72";"182";"71,0";"0,0";"0,0";"0,0";"0,0"
"2221135929";"8";"95";"17";"20";"0,0";"269";"89";"17,0";"0,0";"0,0";"0,0";"0,0"
"830122709036232700";"9";"22";"1";"20";"0,0";"205";"35";"1,0";"1,0";"3,0";"0,0";"0,0"
"2914615780";"11";"109";"3";"20";"0,0";"393";"170";"3,0";"2,0";"2,0";"0,0";"0,0"
"778786879428759600";"14";"0";"2";"20";"0,0";"47";"36";"2,0";"0,0";"1,0";"0,0";"0,0"
"3472196241";"13";"92";"3";"20";"1,0";"588";"885";"3,0";"1,0";"0,0";"0,0";"0,0"
"834130000844578800";"9";"10";"73";"20";"0,0";"79";"38";"73,0";"0,0";"1,0";"1,0";"0,0"
"3131258571";"7";"12";"3";"20";"1,0";"180";"264";"3,0";"0,0";"1,0";"0,0";"0,0"
"1034668482";"13";"46";"15";"20";"0,0";"285";"245";"15,0";"0,0";"2,0";"0,0";"0,0"
"84291948";"9";"79";"1";"20";"1,0";"862";"1143";"1,0";"0,0";"0,0";"1,0";"0,0"
"1061937979";"14";"30";"1";"20";"1,0";"245";"259";"1,0";"0,0";"1,0";"0,0";"0,0"
"3688957840";"12";"26";"7";"20";"0,0";"92";"70";"7,0";"0,0";"2,0";"0,0";"0,0"
"3010467591";"11";"0";"15";"20";"0,0";"40";"4";"15,0";"1,0";"0,0";"1,0";"0,0"
"701379918";"11";"0";"7";"20";"0,0";"14";"5";"7,0";"1,0";"0,0";"1,0";"0,0"
"252640141";"9";"24";"3";"20";"2,0";"140";"369";"3,0";"0,0";"1,0";"1,0";"0,0"
"4274606668";"6";"25";"3";"20";"1,0";"277";"316";"3,0";"0,0";"1,0";"0,0";"0,0"
"62031674";"14";"150";"3";"20";"3,0";"2020";"6233";"3,0";"0,0";"0,0";"1,0";"0,0"
"1054917224";"7";"0";"1";"20";"0,0";"127";"28";"1,0";"0,0";"1,0";"0,0";"0,0"
"838344957761110000";"14";"0";"1";"20";"0,0";"41";"7";"1,0";"0,0";"2,0";"1,0";"0,0"
"3089534120";"8";"73";"4";"20";"0,0";"255";"144";"4,0";"0,0";"2,0";"0,0";"0,0"
"83941775";"10";"132";"79";"20";"4,0";"998";"4503";"79,0";"0,0";"2,0";"1,0";"0,0"
"2780389672";"11";"5";"1";"20";"0,0";"305";"143";"1,0";"0,0";"2,0";"0,0";"0,0"
"794531021802840000";"14";"89";"1";"20";"0,0";"4085";"2478";"1,0";"0,0";"1,0";"0,0";"0,0"
"3124231845";"7";"18";"3";"20";"1,0";"537";"723";"3,0";"0,0";"1,0";"1,0";"0,0"
"714458317251350500";"13";"79";"77";"20";"1,0";"227";"269";"77,0";"0,0";"1,0";"0,0";"0,0"
"40963816";"9";"95";"3";"20";"0,0";"440";"294";"3,0";"0,0";"0,0";"0,0";"0,0"
"3329415915";"9";"96";"2";"20";"1,0";"2483";"2583";"2,0";"0,0";"0,0";"1,0";"0,0"
"1952350405";"8";"88";"8";"20";"5,0";"175";"947";"8,0";"0,0";"0,0";"0,0";"0,0"
"731134730889011200";"15";"159";"3";"20";"3,0";"509";"1873";"3,0";"0,0";"1,0";"0,0";"0,0"
"2212407109";"15";"78";"15";"20";"0,0";"42";"11";"15,0";"1,0";"0,0";"1,0";"0,0"
"858766622328336400";"13";"11";"3";"20";"0,0";"378";"261";"3,0";"1,0";"1,0";"0,0";"0,0"
"497031485";"13";"90";"4";"20";"0,0";"199";"77";"4,0";"0,0";"0,0";"0,0";"0,0"
"3392317101";"8";"48";"1";"20";"2,0";"373";"780";"1,0";"0,0";"1,0";"0,0";"0,0"
"839518926111453200";"10";"9";"12";"20";"1,0";"207";"235";"12,0";"0,0";"0,0";"1,0";"0,0"
"841371941487415300";"8";"120";"73";"20";"0,0";"72";"56";"73,0";"0,0";"1,0";"0,0";"0,0"
"4548371369";"13";"24";"3";"20";"1,0";"178";"222";"3,0";"0,0";"1,0";"1,0";"0,0"
"1034451229";"9";"66";"1";"20";"0,0";"712";"258";"1,0";"0,0";"1,0";"0,0";"0,0"
"838467892614205400";"9";"68";"1";"20";"0,0";"153";"118";"1,0";"0,0";"0,0";"0,0";"0,0"
"837334924139069400";"9";"31";"81";"20";"1,0";"144";"226";"81,0";"0,0";"0,0";"0,0";"0,0"
"554485198";"12";"101";"3";"20";"1,0";"20182";"30223";"3,0";"1,0";"1,0";"0,0";"0,0"
"338262255";"7";"158";"2";"20";"5,0";"26420";"134367";"2,0";"0,0";"1,0";"0,0";"0,0"
"818453510";"14";"0";"3";"20";"1,0";"203";"332";"3,0";"0,0";"1,0";"1,0";"0,0"
"847524408214409200";"11";"0";"1";"20";"0,0";"2";"0";"1,0";"0,0";"1,0";"0,0";"0,0"
"364984594";"11";"69";"3";"20";"8,0";"210";"1866";"3,0";"0,0";"1,0";"0,0";"0,0"
"738799986306125800";"12";"65";"5";"20";"0,0";"420";"401";"5,0";"0,0";"1,0";"1,0";"0,0"
"2742683566";"15";"23";"3";"20";"12,0";"61";"771";"3,0";"0,0";"0,0";"0,0";"0,0"
"712332317377863700";"12";"20";"3";"20";"0,0";"278";"203";"3,0";"0,0";"1,0";"1,0";"0,0"
"2440013238";"8";"20";"3";"20";"3,0";"52";"182";"3,0";"0,0";"1,0";"1,0";"0,0"
"42960469";"13";"50";"7";"20";"0,0";"2195";"628";"7,0";"0,0";"0,0";"1,0";"0,0"
"2513395989";"9";"55";"1";"20";"1,0";"130";"239";"1,0";"1,0";"1,0";"0,0";"0,0"
"110971457";"13";"108";"1";"20";"0,0";"588";"363";"1,0";"0,0";"1,0";"1,0";"0,0"
"462755656";"9";"130";"4";"20";"0,0";"339";"117";"4,0";"0,0";"0,0";"0,0";"0,0"
"621511125";"13";"0";"2";"20";"0,0";"307";"87";"2,0";"0,0";"1,0";"0,0";"0,0"
"272813219";"7";"0";"3";"20";"0,0";"145";"97";"3,0";"0,0";"2,0";"1,0";"0,0"
"2790187690";"7";"26";"2";"20";"3,0";"563";"1739";"2,0";"0,0";"1,0";"1,0";"0,0"
"4537021061";"12";"0";"1";"20";"0,0";"94";"22";"1,0";"2,0";"1,0";"0,0";"0,0"
"2579299669";"11";"19";"7";"20";"3,0";"49";"168";"7,0";"0,0";"1,0";"0,0";"0,0"
"572739274";"10";"91";"1";"20";"2,0";"3896";"7911";"1,0";"0,0";"2,0";"0,0";"0,0"
"271860959";"8";"65";"1";"20";"0,0";"917";"649";"1,0";"2,0";"3,0";"0,0";"0,0"
"3416731467";"12";"1";"1";"20";"1,0";"1032";"1692";"1,0";"0,0";"0,0";"0,0";"0,0"
"754202559745626100";"7";"13";"1";"20";"1,0";"99";"170";"1,0";"0,0";"1,0";"0,0";"0,0"
"525046692";"7";"0";"1";"20";"0,0";"708";"461";"1,0";"0,0";"9,0";"0,0";"1,0"
"2748389153";"10";"5";"7";"20";"2,0";"238";"657";"7,0";"0,0";"1,0";"0,0";"0,0"
"555288041";"10";"148";"74";"20";"0,0";"4992";"4464";"74,0";"1,0";"2,0";"1,0";"0,0"
"3239087584";"10";"0";"1";"20";"2,0";"100";"292";"1,0";"0,0";"1,0";"0,0";"0,0"
"1563804103";"8";"0";"1";"20";"0,0";"297";"192";"1,0";"0,0";"0,0";"0,0";"0,0"
"2790423206";"12";"6";"1";"20";"2,0";"108";"248";"1,0";"0,0";"1,0";"0,0";"0,0"
"2586867397";"10";"160";"7";"20";"0,0";"864";"773";"7,0";"0,0";"1,0";"0,0";"0,0"
"2940044235";"8";"15";"1";"20";"0,0";"531";"447";"1,0";"0,0";"1,0";"0,0";"0,0"
"2561981516";"8";"14";"3";"20";"5,0";"97";"548";"3,0";"0,0";"1,0";"0,0";"0,0"
"828938877347983400";"8";"35";"1";"20";"0,0";"151";"69";"1,0";"0,0";"1,0";"0,0";"0,0"
"3138412053";"9";"160";"14";"20";"0,0";"997";"415";"14,0";"0,0";"1,0";"1,0";"0,0"
"2256827265";"9";"64";"7";"20";"0,0";"119";"108";"7,0";"0,0";"3,0";"0,0";"0,0"
"758341432054804500";"12";"46";"3";"20";"1,0";"75";"87";"3,0";"0,0";"2,0";"0,0";"0,0"
"2574247010";"10";"35";"73";"20";"0,0";"199";"103";"73,0";"0,0";"3,0";"1,0";"0,0"
"633299122";"5";"15";"2";"20";"1,0";"334";"470";"2,0";"0,0";"1,0";"0,0";"0,0"
"2682469100";"11";"142";"86";"20";"2,0";"685";"1679";"86,0";"0,0";"1,0";"0,0";"0,0"
"825761601395576800";"13";"0";"1";"20";"0,0";"139";"31";"1,0";"0,0";"1,0";"0,0";"0,0"
"3415756427";"8";"76";"79";"20";"0,0";"515";"460";"79,0";"0,0";"3,0";"1,0";"0,0"
"718819086000656400";"12";"71";"8";"20";"10,0";"178";"1799";"8,0";"0,0";"1,0";"0,0";"0,0"
"2512785631";"9";"39";"3";"20";"0,0";"337";"45";"3,0";"0,0";"1,0";"0,0";"0,0"
"444514147";"11";"47";"2";"20";"0,0";"488";"203";"2,0";"1,0";"2,0";"0,0";"0,0"
"353800243";"9";"36";"1";"20";"1,0";"286";"300";"1,0";"0,0";"1,0";"0,0";"0,0"
"2925708101";"11";"25";"1";"20";"0,0";"45717";"44472";"1,0";"0,0";"1,0";"0,0";"0,0"
"3010594389";"9";"50";"1";"20";"29,0";"168";"5035";"1,0";"0,0";"1,0";"1,0";"0,0"
"144084412";"11";"0";"4";"20";"5,0";"158";"824";"4,0";"0,0";"0,0";"0,0";"0,0"
"1167915186";"11";"97";"4";"20";"1,0";"630";"731";"4,0";"0,0";"0,0";"0,0";"0,0"
"312332205";"12";"146";"3";"20";"0,0";"374";"191";"3,0";"0,0";"1,0";"0,0";"0,0"
"791409847380181000";"12";"0";"1";"20";"22,0";"959";"21164";"1,0";"0,0";"1,0";"0,0";"0,0"
"2688222477";"12";"22";"7";"20";"0,0";"287";"241";"7,0";"0,0";"1,0";"0,0";"0,0"
"2488635757";"8";"18";"1";"20";"1,0";"690";"1344";"1,0";"0,0";"1,0";"0,0";"0,0"
"1663747603";"15";"0";"10";"20";"1,0";"150";"226";"10,0";"0,0";"1,0";"0,0";"0,0"
"328607404";"9";"156";"1";"20";"4,0";"720";"3115";"1,0";"0,0";"1,0";"0,0";"0,0"
"760714521971490800";"9";"116";"3";"20";"1,0";"52";"58";"3,0";"0,0";"1,0";"0,0";"0,0"
"3307466777";"15";"0";"1";"20";"126255,0";"1";"126255";"1,0";"0,0";"1,0";"0,0";"0,0"
"1140526790";"13";"2";"73";"20";"1,0";"876";"924";"73,0";"0,0";"1,0";"0,0";"0,0"
"2759309641";"15";"1";"3";"20";"1,0";"413";"505";"3,0";"0,0";"1,0";"0,0";"0,0"
"262267551";"10";"147";"3";"20";"1,0";"12661";"17329";"3,0";"1,0";"0,0";"0,0";"0,0"
"42373063";"5";"88";"4";"20";"0,0";"1434";"698";"4,0";"0,0";"2,0";"1,0";"0,0"
"2489604390";"14";"64";"3";"20";"1,0";"877";"1459";"3,0";"0,0";"1,0";"1,0";"0,0"
"3327367959";"15";"21";"1";"20";"0,0";"229";"193";"1,0";"0,0";"1,0";"0,0";"0,0"
"1131578935";"9";"23";"1";"20";"6,0";"193";"1200";"1,0";"0,0";"0,0";"0,0";"0,0"
"807354750333321200";"9";"133";"2";"20";"0,0";"1";"0";"2,0";"0,0";"0,0";"2,0";"0,0"
"116061092";"6";"137";"19";"20";"0,0";"549";"456";"19,0";"0,0";"4,0";"0,0";"0,0"
"3076756013";"12";"15";"2";"20";"1,0";"87";"135";"2,0";"0,0";"1,0";"0,0";"0,0"
"32550048";"11";"111";"7";"20";"6,0";"268";"1861";"7,0";"1,0";"0,0";"1,0";"0,0"
"3699063087";"14";"25";"2";"20";"0,0";"351";"268";"2,0";"0,0";"1,0";"0,0";"0,0"
"3017643653";"6";"148";"3";"20";"1,0";"61";"81";"3,0";"0,0";"2,0";"0,0";"0,0"
"2312580235";"15";"114";"3";"20";"1,0";"162";"229";"3,0";"0,0";"1,0";"0,0";"0,0"
"714915340300329000";"7";"46";"11";"20";"0,0";"63";"61";"11,0";"0,0";"1,0";"1,0";"0,0"
"1089938834";"10";"33";"77";"20";"2,0";"195";"457";"77,0";"0,0";"1,0";"0,0";"0,0"
"2942450187";"7";"63";"3";"20";"0,0";"475";"163";"3,0";"0,0";"0,0";"1,0";"0,0"
"3052411036";"14";"42";"11";"20";"0,0";"771";"636";"11,0";"0,0";"0,0";"0,0";"0,0"
"3107998767";"12";"5";"3";"20";"0,0";"232";"145";"3,0";"0,0";"0,0";"1,0";"0,0"
"3416688341";"7";"0";"7";"20";"0,0";"642";"114";"7,0";"0,0";"1,0";"0,0";"0,0"
"2590709535";"14";"130";"2";"20";"0,0";"1772";"881";"2,0";"1,0";"3,0";"0,0";"0,0"
"113015750";"8";"104";"3";"20";"1551,0";"1";"1551";"3,0";"0,0";"0,0";"1,0";"0,0"
"606732631";"12";"145";"7";"20";"1,0";"922";"1049";"7,0";"0,0";"1,0";"0,0";"0,0"
"3322622838";"15";"15";"3";"20";"0,0";"758";"277";"3,0";"0,0";"0,0";"1,0";"0,0"
"770991848475197400";"13";"104";"1";"20";"8,0";"49";"419";"1,0";"1,0";"0,0";"0,0";"0,0"
"708595747105742800";"7";"27";"12";"20";"8,0";"58";"505";"12,0";"0,0";"0,0";"1,0";"0,0"
"4298581426";"10";"140";"3";"20";"0,0";"670";"477";"3,0";"0,0";"0,0";"0,0";"0,0"
"3298644249";"13";"68";"1";"20";"24,0";"1494";"36137";"1,0";"0,0";"1,0";"0,0";"0,0"
"168652681";"14";"148";"1";"20";"4,0";"177";"723";"1,0";"0,0";"1,0";"0,0";"0,0"
"2628630827";"11";"14";"79";"20";"1,0";"811";"1081";"79,0";"1,0";"1,0";"0,0";"0,0"
"2829886762";"10";"0";"2";"20";"0,0";"220";"93";"2,0";"0,0";"1,0";"0,0";"0,0"
"765856992619536400";"14";"152";"2";"20";"1,0";"1975";"3610";"2,0";"3,0";"1,0";"1,0";"0,0"
"732154114608631800";"15";"58";"3";"20";"2,0";"255";"561";"3,0";"0,0";"0,0";"0,0";"0,0"
"194526728";"8";"0";"15";"20";"0,0";"129";"35";"15,0";"0,0";"1,0";"0,0";"0,0"
"956140908";"10";"54";"1";"20";"1,0";"797";"1457";"1,0";"2,0";"1,0";"0,0";"0,0"
"2907705537";"9";"0";"3";"20";"3,0";"251";"954";"3,0";"0,0";"0,0";"1,0";"0,0"
"273419736";"15";"105";"3";"20";"6,0";"1755";"12123";"3,0";"0,0";"0,0";"1,0";"0,0"
"752629824607379500";"12";"4";"4";"20";"0,0";"73";"48";"4,0";"0,0";"1,0";"1,0";"0,0"
"3050135660";"10";"54";"1";"20";"0,0";"601";"525";"1,0";"0,0";"1,0";"0,0";"0,0"
"2836980923";"9";"30";"7";"20";"6,0";"478";"3025";"7,0";"0,0";"0,0";"0,0";"0,0"
"3192093675";"11";"146";"1";"20";"0,0";"2792";"1514";"1,0";"0,0";"1,0";"0,0";"0,0"
"4922239180";"13";"53";"1";"20";"0,0";"154";"138";"1,0";"0,0";"1,0";"0,0";"0,0"
"3421380160";"12";"30";"1";"20";"1,0";"154";"173";"1,0";"0,0";"1,0";"0,0";"0,0"
"1257750360";"12";"23";"3";"20";"2,0";"110";"230";"3,0";"0,0";"1,0";"0,0";"0,0"
"2817000024";"11";"146";"1";"20";"43,0";"205";"8937";"1,0";"1,0";"1,0";"0,0";"0,0"
"706941870358843400";"11";"25";"1";"20";"15,0";"67";"1014";"1,0";"0,0";"1,0";"1,0";"0,0"
"44488467";"11";"43";"4";"20";"19,0";"1218";"23847";"4,0";"0,0";"0,0";"0,0";"0,0"
"2473690825";"13";"159";"74";"20";"0,0";"1198";"685";"74,0";"0,0";"0,0";"0,0";"0,0"
"189097725";"6";"120";"19";"20";"16,0";"606";"9807";"19,0";"0,0";"2,0";"0,0";"0,0"
"870456514749792300";"14";"27";"1";"20";"0,0";"2565";"428";"1,0";"0,0";"0,0";"1,0";"0,0"
"2304396513";"11";"16";"71";"20";"2,0";"919";"2728";"71,0";"0,0";"1,0";"0,0";"0,0"
"2455060457";"14";"0";"4";"20";"1,0";"730";"777";"4,0";"0,0";"1,0";"0,0";"0,0"
"895709346";"11";"160";"74";"20";"0,0";"126";"113";"74,0";"0,0";"0,0";"0,0";"0,0"
"780528452";"15";"105";"3";"20";"0,0";"226";"46";"3,0";"3,0";"2,0";"0,0";"0,0"
"3580592297";"7";"23";"3";"20";"2,0";"85";"203";"3,0";"0,0";"0,0";"0,0";"0,0"
"2686858720";"6";"3";"3";"20";"1,0";"336";"527";"3,0";"1,0";"1,0";"0,0";"0,0"
"2441585743";"14";"0";"3";"20";"0,0";"41";"24";"3,0";"0,0";"2,0";"1,0";"0,0"
"603665970";"14";"60";"2";"20";"1,0";"783";"890";"2,0";"0,0";"0,0";"0,0";"0,0"
"34078669";"12";"44";"2";"20";"1,0";"412";"684";"2,0";"0,0";"1,0";"0,0";"0,0"
"1646200789";"9";"13";"1";"20";"2,0";"93";"217";"1,0";"0,0";"1,0";"0,0";"0,0"
"767006933639372800";"15";"0";"8";"20";"0,0";"0";"0";"8,0";"1,0";"0,0";"1,0";"0,0"
"831174660163244000";"12";"53";"1";"20";"0,0";"4648";"930";"1,0";"0,0";"1,0";"1,0";"0,0"
"2194147078";"11";"19";"1";"20";"2,0";"300";"695";"1,0";"0,0";"0,0";"0,0";"0,0"
"720200077826998300";"11";"113";"4";"20";"0,0";"465";"327";"4,0";"0,0";"1,0";"0,0";"0,0"
"631322744";"7";"0";"80";"20";"2,0";"92";"271";"80,0";"0,0";"1,0";"0,0";"0,0"
"3358516721";"9";"15";"7";"20";"11,0";"116";"1379";"7,0";"0,0";"1,0";"0,0";"0,0"
"471020019";"9";"107";"7";"20";"1,0";"204";"364";"7,0";"4,0";"0,0";"1,0";"0,0"
"17022183";"11";"82";"1";"20";"54,0";"903";"49637";"1,0";"2,0";"1,0";"2,0";"0,0"
"3054085101";"14";"139";"3";"20";"0,0";"461";"173";"3,0";"2,0";"1,0";"1,0";"0,0"
"3642778821";"8";"0";"1";"20";"4,0";"2299";"9327";"1,0";"0,0";"1,0";"0,0";"0,0"
"731434247257501700";"11";"157";"3";"20";"0,0";"5000";"4049";"3,0";"0,0";"1,0";"0,0";"0,0"
"214208803";"13";"89";"7";"20";"3,0";"400";"1375";"7,0";"0,0";"0,0";"1,0";"0,0"
"448253791";"13";"136";"83";"20";"4,0";"430";"1750";"83,0";"0,0";"1,0";"1,0";"0,0"
"1536882290";"13";"82";"1";"20";"1,0";"193";"290";"1,0";"0,0";"1,0";"0,0";"0,0"
"1651804056";"8";"122";"2";"20";"0,0";"4952";"4362";"2,0";"0,0";"4,0";"1,0";"0,0"
"534938134";"6";"43";"6";"20";"1,0";"207";"212";"6,0";"0,0";"1,0";"0,0";"0,0"
"2183428048";"9";"22";"1";"20";"9,0";"902";"8273";"1,0";"0,0";"1,0";"0,0";"0,0"
"2182645728";"12";"56";"77";"20";"7,0";"1138";"8683";"77,0";"0,0";"1,0";"0,0";"0,0"
"1418748265";"8";"32";"4";"20";"2,0";"744";"1544";"4,0";"0,0";"1,0";"1,0";"0,0"
"2389218194";"9";"0";"4";"20";"0,0";"11";"2";"4,0";"5,0";"0,0";"1,0";"0,0"
"2921941971";"9";"59";"3";"20";"2,0";"456";"1234";"3,0";"2,0";"0,0";"1,0";"0,0"
"3188069368";"12";"87";"3";"20";"1,0";"402";"674";"3,0";"0,0";"3,0";"0,0";"0,0"
"613851792";"15";"17";"3";"20";"0,0";"1039";"306";"3,0";"0,0";"1,0";"0,0";"0,0"
"480676513";"13";"0";"77";"20";"0,0";"508";"31";"77,0";"0,0";"1,0";"0,0";"0,0"
"511635574";"13";"43";"7";"20";"1,0";"346";"374";"7,0";"1,0";"2,0";"0,0";"0,0"
"1227777830";"9";"81";"74";"20";"2,0";"296";"862";"74,0";"0,0";"0,0";"1,0";"0,0"
"752656086684078100";"6";"35";"73";"20";"0,0";"55";"27";"73,0";"0,0";"0,0";"0,0";"0,0"
"235235342";"13";"27";"3";"20";"7,0";"166";"1278";"3,0";"0,0";"1,0";"1,0";"0,0"
"2328650945";"15";"7";"3";"20";"5,0";"68";"385";"3,0";"0,0";"1,0";"0,0";"0,0"
"494261088";"11";"160";"4";"20";"0,0";"2919";"2079";"4,0";"0,0";"1,0";"0,0";"0,0"
"849950643586510800";"13";"0";"1";"20";"0,0";"165";"9";"1,0";"1,0";"1,0";"1,0";"0,0"
"548322994";"9";"24";"3";"20";"2,0";"288";"636";"3,0";"0,0";"1,0";"0,0";"0,0"
"3090611755";"14";"66";"1";"20";"1,0";"151";"218";"1,0";"0,0";"1,0";"0,0";"0,0"
"812256072635449300";"8";"71";"7";"20";"1,0";"171";"296";"7,0";"0,0";"1,0";"0,0";"0,0"
"4883604747";"9";"20";"3";"20";"2,0";"42";"118";"3,0";"0,0";"1,0";"0,0";"0,0"
"2805270805";"12";"0";"74";"20";"0,0";"623";"86";"74,0";"1,0";"0,0";"1,0";"0,0"
"2321288317";"15";"0";"1";"20";"6,0";"2210";"13841";"1,0";"0,0";"1,0";"0,0";"0,0"
"2200763656";"12";"42";"3";"20";"0,0";"103";"30";"3,0";"0,0";"1,0";"0,0";"0,0"
"1599308149";"11";"48";"77";"20";"2,0";"302";"858";"77,0";"0,0";"1,0";"0,0";"0,0"
"1395660054";"9";"0";"1";"20";"0,0";"74";"24";"1,0";"1,0";"2,0";"0,0";"0,0"
"2456718402";"6";"48";"15";"20";"2,0";"980";"2924";"15,0";"0,0";"0,0";"0,0";"0,0"
"732552600";"12";"17";"3";"20";"0,0";"304";"153";"3,0";"0,0";"1,0";"0,0";"0,0"
"876036534289535000";"10";"64";"3";"20";"0,0";"27";"7";"3,0";"0,0";"1,0";"0,0";"0,0"
"747894667832926200";"12";"42";"74";"20";"2,0";"99";"249";"74,0";"0,0";"1,0";"0,0";"0,0"
"547495568";"12";"0";"1";"20";"0,0";"84";"70";"1,0";"0,0";"2,0";"0,0";"0,0"
"189850985";"8";"81";"3";"20";"1,0";"259";"394";"3,0";"0,0";"1,0";"0,0";"0,0"
"1633984350";"7";"0";"79";"20";"0,0";"297";"15";"79,0";"0,0";"1,0";"0,0";"0,0"
"880638535";"13";"99";"3";"20";"1,0";"949";"1516";"3,0";"0,0";"0,0";"1,0";"0,0"
"537343547";"8";"120";"1";"20";"0,0";"263";"205";"1,0";"0,0";"1,0";"0,0";"0,0"
"218948402";"10";"122";"79";"20";"3,0";"966";"3247";"79,0";"0,0";"0,0";"1,0";"0,0"
"867213487780397000";"15";"160";"77";"20";"10,0";"439";"4690";"77,0";"0,0";"1,0";"1,0";"0,0"
"4695064986";"7";"64";"2";"20";"0,0";"130";"59";"2,0";"0,0";"1,0";"0,0";"0,0"
"3861504106";"6";"44";"7";"20";"1,0";"155";"282";"7,0";"0,0";"1,0";"0,0";"0,0"
"154249081";"9";"7";"81";"20";"0,0";"340";"53";"81,0";"0,0";"0,0";"1,0";"0,0"
"1254739076";"8";"51";"8";"20";"6,0";"282";"1893";"8,0";"0,0";"0,0";"1,0";"0,0"
"2290339533";"12";"0";"3";"20";"0,0";"631";"611";"3,0";"0,0";"1,0";"0,0";"0,0"
"31311757";"10";"134";"3";"20";"31627,0";"108";"3415800";"3,0";"0,0";"1,0";"0,0";"1,0"
"3774709421";"8";"34";"3";"20";"0,0";"469";"394";"3,0";"0,0";"0,0";"1,0";"0,0"
"793264642940407800";"12";"34";"3";"20";"0,0";"27";"17";"3,0";"0,0";"1,0";"0,0";"0,0"
"3303785145";"14";"79";"3";"20";"0,0";"365";"324";"3,0";"0,0";"1,0";"0,0";"0,0"
"143535835";"15";"87";"1";"20";"1,0";"1356";"1400";"1,0";"0,0";"1,0";"0,0";"0,0"
"397195770";"15";"157";"1";"20";"1,0";"613";"1161";"1,0";"0,0";"1,0";"0,0";"0,0"
"2787004487";"8";"31";"3";"20";"4,0";"115";"555";"3,0";"0,0";"1,0";"0,0";"0,0"
"1455089888";"11";"40";"1";"20";"1,0";"294";"570";"1,0";"0,0";"0,0";"1,0";"0,0"
"2823235097";"7";"0";"1";"20";"0,0";"612";"290";"1,0";"0,0";"1,0";"0,0";"0,0"
"713354574975868900";"6";"127";"1";"20";"1,0";"340";"424";"1,0";"0,0";"1,0";"0,0";"0,0"
"903181236";"12";"147";"77";"20";"29,0";"268";"7955";"77,0";"1,0";"0,0";"1,0";"0,0"
"4158632380";"9";"65";"71";"20";"3,0";"113";"341";"71,0";"0,0";"1,0";"0,0";"0,0"
"17395564";"11";"58";"7";"20";"0,0";"311";"174";"7,0";"1,0";"1,0";"0,0";"0,0"
"873776895766257700";"15";"65";"7";"20";"0,0";"172";"146";"7,0";"0,0";"1,0";"0,0";"0,0"
"763463656873062400";"14";"59";"1";"20";"0,0";"372";"158";"1,0";"0,0";"1,0";"0,0";"0,0"
"932796912";"10";"0";"1";"20";"26,0";"1235";"32769";"1,0";"0,0";"1,0";"0,0";"0,0"
"828573921054224400";"13";"69";"3";"20";"0,0";"45";"30";"3,0";"0,0";"1,0";"0,0";"0,0"
"419499889";"8";"44";"2";"20";"0,0";"327";"210";"2,0";"1,0";"1,0";"0,0";"0,0"
"732532983949840400";"10";"28";"3";"20";"1,0";"172";"319";"3,0";"0,0";"1,0";"0,0";"0,0"
"1894661786";"7";"34";"1";"20";"1,0";"901";"1004";"1,0";"0,0";"1,0";"0,0";"0,0"
"955690638";"15";"19";"7";"20";"5,0";"269";"1494";"7,0";"0,0";"1,0";"0,0";"0,0"
"53136725";"9";"150";"83";"20";"2,0";"1569";"4160";"83,0";"0,0";"0,0";"1,0";"0,0"
"395878681";"9";"62";"71";"20";"9,0";"247";"2365";"71,0";"0,0";"1,0";"0,0";"0,0"
"3195961599";"10";"141";"2";"20";"8,0";"352";"2922";"2,0";"0,0";"1,0";"0,0";"0,0"
"280045113";"6";"33";"2";"20";"1,0";"126";"212";"2,0";"1,0";"1,0";"0,0";"0,0"
"1976798042";"12";"0";"7";"20";"3,0";"145";"544";"7,0";"0,0";"1,0";"0,0";"0,0"
"548750911";"11";"74";"2";"20";"0,0";"677";"144";"2,0";"1,0";"1,0";"0,0";"0,0"
"2861194245";"12";"54";"1";"20";"2,0";"123";"271";"1,0";"0,0";"0,0";"0,0";"0,0"
"1270039843";"8";"0";"1";"20";"1,0";"297";"524";"1,0";"0,0";"1,0";"0,0";"0,0"
"1531184593";"12";"0";"83";"20";"0,0";"152";"17";"83,0";"2,0";"3,0";"0,0";"0,0"
"788677398472560600";"12";"147";"3";"20";"1,0";"854";"1255";"3,0";"0,0";"1,0";"0,0";"0,0"
"876206819261255700";"15";"0";"2";"20";"0,0";"67";"1";"2,0";"1,0";"0,0";"0,0";"0,0"
"854636045165637600";"8";"84";"1";"20";"1,0";"53";"53";"1,0";"0,0";"1,0";"0,0";"0,0"
"520815016";"8";"89";"1";"20";"0,0";"84";"32";"1,0";"1,0";"0,0";"0,0";"0,0"
"1101657871";"8";"77";"3";"20";"1,0";"83";"108";"3,0";"0,0";"2,0";"0,0";"0,0"
"123212272";"7";"116";"3";"20";"1,0";"447";"674";"3,0";"0,0";"1,0";"0,0";"0,0"
"700706666";"10";"159";"1";"20";"2,0";"214";"455";"1,0";"0,0";"1,0";"1,0";"0,0"
"26531646";"11";"142";"73";"20";"2,0";"947";"1931";"73,0";"0,0";"1,0";"0,0";"0,0"
"763848980207919100";"10";"1";"7";"20";"1,0";"833";"1088";"7,0";"0,0";"1,0";"0,0";"0,0"
"278054456";"9";"31";"12";"20";"1,0";"2943";"4068";"12,0";"0,0";"1,0";"0,0";"0,0"
"2766201419";"11";"104";"11";"20";"1,0";"610";"851";"11,0";"0,0";"1,0";"0,0";"0,0"
"700805279773028400";"10";"12";"3";"20";"1,0";"1034";"1590";"3,0";"0,0";"0,0";"0,0";"0,0"
"2178107238";"10";"121";"77";"20";"2,0";"149";"393";"77,0";"0,0";"0,0";"0,0";"0,0"
"2409011491";"9";"142";"7";"20";"0,0";"1268";"59";"7,0";"3,0";"1,0";"1,0";"0,0"
"790985907902025700";"9";"0";"7";"20";"0,0";"120";"25";"7,0";"0,0";"2,0";"1,0";"0,0"
"567566179";"10";"19";"7";"20";"0,0";"2569";"329";"7,0";"0,0";"1,0";"0,0";"0,0"
"4049317859";"12";"11";"3";"20";"1,0";"104";"155";"3,0";"0,0";"1,0";"0,0";"0,0"
"2472392167";"11";"94";"5";"20";"0,0";"1556";"651";"5,0";"0,0";"2,0";"0,0";"0,0"
"448754692";"8";"132";"3";"20";"14,0";"114";"1643";"3,0";"0,0";"1,0";"0,0";"0,0"
"38395124";"10";"142";"71";"20";"840,0";"1272";"1069542";"71,0";"0,0";"0,0";"1,0";"0,0"
"794977179255849000";"15";"94";"1";"20";"1,0";"4";"4";"1,0";"0,0";"1,0";"0,0";"0,0"
"2437935088";"11";"3";"7";"20";"1,0";"271";"459";"7,0";"0,0";"1,0";"0,0";"0,0"
"752157502373040100";"10";"113";"1";"20";"30,0";"69";"2126";"1,0";"0,0";"2,0";"0,0";"0,0"
"701871894";"10";"0";"1";"20";"9,0";"2351";"22397";"1,0";"0,0";"1,0";"0,0";"0,0"
"2904515547";"9";"31";"3";"20";"0,0";"107";"24";"3,0";"0,0";"1,0";"0,0";"0,0"
"814647350220255200";"9";"27";"82";"20";"1,0";"155";"168";"82,0";"0,0";"1,0";"0,0";"0,0"
"1849078010";"8";"146";"3";"20";"2,0";"101";"223";"3,0";"3,0";"3,0";"0,0";"0,0"
"115607605";"8";"6";"1";"20";"0,0";"646";"104";"1,0";"0,0";"1,0";"0,0";"0,0"
"1681758956";"8";"133";"2";"20";"1,0";"807";"965";"2,0";"0,0";"1,0";"1,0";"0,0"
"1259875790";"10";"0";"79";"20";"0,0";"46";"12";"79,0";"1,0";"0,0";"1,0";"0,0"
"47330308";"15";"160";"3";"20";"24,0";"459";"11260";"3,0";"0,0";"1,0";"1,0";"1,0"
"3331547235";"7";"55";"3";"20";"0,0";"688";"302";"3,0";"0,0";"1,0";"0,0";"0,0"
"4610446397";"8";"139";"3";"20";"14,0";"619";"8871";"3,0";"0,0";"2,0";"0,0";"0,0"
"843906258923065300";"7";"61";"4";"20";"4,0";"29";"143";"4,0";"0,0";"0,0";"0,0";"0,0"
"2325765205";"14";"45";"7";"20";"0,0";"740";"193";"7,0";"0,0";"1,0";"0,0";"0,0"
"730175171458404400";"10";"103";"1";"20";"2,0";"748";"1838";"1,0";"0,0";"0,0";"0,0";"0,0"
"355716040";"10";"21";"2";"20";"1,0";"173";"295";"2,0";"0,0";"1,0";"0,0";"0,0"
"812876841346355200";"10";"123";"1";"20";"17,0";"61";"1072";"1,0";"2,0";"4,0";"0,0";"0,0"
"824904153587552300";"11";"25";"7";"20";"0,0";"736";"244";"7,0";"1,0";"0,0";"1,0";"0,0"
"569816841";"13";"24";"1";"20";"0,0";"762";"205";"1,0";"0,0";"3,0";"0,0";"0,0"
"4396151033";"15";"64";"1";"20";"1,0";"93";"135";"1,0";"0,0";"1,0";"0,0";"0,0"
"1082726281";"15";"137";"2";"20";"2,0";"673";"1835";"2,0";"0,0";"0,0";"0,0";"0,0"
"751039969322528800";"13";"90";"3";"20";"1,0";"193";"250";"3,0";"1,0";"1,0";"0,0";"0,0"
"858067211038150700";"11";"150";"5";"20";"0,0";"676";"222";"5,0";"3,0";"0,0";"0,0";"0,0"
"937316564";"8";"0";"3";"20";"0,0";"403";"248";"3,0";"1,0";"1,0";"0,0";"0,0"
"1457467860";"7";"10";"3";"20";"0,0";"215";"59";"3,0";"0,0";"1,0";"1,0";"0,0"
"2244399818";"10";"141";"1";"20";"1,0";"324";"467";"1,0";"0,0";"1,0";"0,0";"0,0"
"733383197761900500";"13";"0";"1";"20";"0,0";"867";"400";"1,0";"0,0";"0,0";"1,0";"0,0"
"1220001703";"9";"76";"2";"20";"1,0";"18466";"29445";"2,0";"0,0";"1,0";"0,0";"0,0"
"34702597";"10";"124";"3";"20";"0,0";"250";"95";"3,0";"0,0";"0,0";"1,0";"0,0"
"515568032";"10";"140";"83";"20";"0,0";"1012";"925";"83,0";"1,0";"1,0";"0,0";"0,0"
"3044627045";"10";"10";"3";"20";"1,0";"62";"84";"3,0";"0,0";"1,0";"0,0";"0,0"
"4214752294";"11";"162";"77";"20";"0,0";"80";"64";"77,0";"0,0";"1,0";"0,0";"0,0"
"2768509476";"11";"60";"1";"20";"0,0";"808";"433";"1,0";"0,0";"0,0";"0,0";"0,0"
"2822917986";"11";"64";"1";"20";"0,0";"41697";"41187";"1,0";"0,0";"1,0";"0,0";"0,0"
"712963418";"8";"19";"3";"20";"0,0";"511";"455";"3,0";"1,0";"1,0";"0,0";"0,0"
"3043318336";"7";"76";"2";"20";"0,0";"1958";"1499";"2,0";"2,0";"0,0";"1,0";"0,0"
"874844898117247000";"14";"0";"3";"20";"0,0";"11";"0";"3,0";"0,0";"5,0";"0,0";"0,0"
"381061532";"11";"123";"1";"20";"1,0";"1128";"1558";"1,0";"0,0";"1,0";"0,0";"0,0"
"2778774155";"11";"49";"2";"20";"3,0";"89";"301";"2,0";"0,0";"1,0";"0,0";"0,0"
"333395176";"7";"96";"2";"20";"0,0";"530";"198";"2,0";"3,0";"2,0";"0,0";"0,0"
"561356341";"10";"0";"15";"20";"0,0";"662";"554";"15,0";"0,0";"1,0";"0,0";"0,0"
"328938715";"10";"57";"3";"20";"0,0";"358";"222";"3,0";"0,0";"1,0";"0,0";"0,0"
"707820913";"15";"153";"3";"20";"0,0";"342";"53";"3,0";"0,0";"1,0";"1,0";"0,0"
"109328837";"7";"0";"4";"20";"1,0";"207";"247";"4,0";"0,0";"1,0";"0,0";"0,0"
"785809020439367700";"14";"0";"2";"20";"0,0";"124";"30";"2,0";"0,0";"1,0";"0,0";"0,0"
"3342784636";"10";"12";"81";"20";"3,0";"199";"673";"81,0";"0,0";"0,0";"1,0";"0,0"
"783131119";"14";"60";"4";"20";"2,0";"146";"348";"4,0";"0,0";"0,0";"1,0";"0,0"
"3174302320";"10";"19";"83";"20";"1,0";"144";"267";"83,0";"0,0";"1,0";"1,0";"0,0"
"2322210095";"12";"28";"3";"20";"1,0";"232";"396";"3,0";"0,0";"0,0";"1,0";"0,0"
"4460918435";"11";"17";"7";"20";"2,0";"88";"209";"7,0";"0,0";"1,0";"1,0";"0,0"
"1274799283";"7";"82";"3";"20";"0,0";"482";"468";"3,0";"0,0";"1,0";"0,0";"0,0"
"94081750";"9";"156";"74";"20";"0,0";"2033";"850";"74,0";"0,0";"1,0";"0,0";"0,0"
"482253809";"10";"42";"4";"20";"1,0";"956";"1647";"4,0";"0,0";"0,0";"1,0";"0,0"
"918727058";"10";"21";"3";"20";"1,0";"888";"1039";"3,0";"0,0";"1,0";"0,0";"0,0"
"3319577230";"6";"13";"7";"20";"0,0";"278";"109";"7,0";"0,0";"1,0";"0,0";"0,0"
"2787199348";"6";"156";"2";"20";"1,0";"298";"551";"2,0";"0,0";"0,0";"0,0";"0,0"
"3078041632";"8";"51";"12";"20";"2,0";"97";"275";"12,0";"0,0";"1,0";"0,0";"0,0"
"12068832";"10";"58";"2";"20";"3,0";"711";"2314";"2,0";"0,0";"0,0";"0,0";"1,0"
"252078172";"11";"101";"3";"20";"1,0";"5202";"7347";"3,0";"0,0";"2,0";"1,0";"0,0"
"3050547848";"12";"0";"7";"20";"0,0";"408";"207";"7,0";"1,0";"1,0";"0,0";"0,0"
"831499527517532200";"7";"154";"7";"20";"1,0";"303";"408";"7,0";"0,0";"0,0";"1,0";"0,0"
"569212594";"10";"0";"3";"20";"1,0";"148";"290";"3,0";"0,0";"1,0";"0,0";"0,0"
"3132980706";"9";"46";"1";"20";"0,0";"505";"213";"1,0";"0,0";"0,0";"1,0";"0,0"
"4185675292";"14";"86";"8";"20";"1,0";"306";"326";"8,0";"1,0";"1,0";"0,0";"0,0"
"753709082582876200";"12";"54";"7";"20";"0,0";"402";"263";"7,0";"0,0";"1,0";"0,0";"0,0"
"1002929316";"8";"49";"3";"20";"3,0";"51";"202";"3,0";"0,0";"0,0";"0,0";"1,0"
"703227526";"11";"26";"4";"20";"6,0";"180";"1203";"4,0";"0,0";"3,0";"0,0";"0,0"
"856223315186286600";"14";"104";"3";"20";"0,0";"168";"85";"3,0";"0,0";"0,0";"0,0";"0,0"
"8679402";"11";"87";"1";"20";"0,0";"926";"390";"1,0";"0,0";"2,0";"0,0";"0,0"
"1452288480";"5";"0";"4";"20";"14,0";"232";"3343";"4,0";"0,0";"1,0";"0,0";"0,0"
"295757523";"14";"88";"2";"20";"1,0";"340";"356";"2,0";"1,0";"1,0";"0,0";"0,0"
"4697327744";"7";"39";"7";"20";"1,0";"109";"129";"7,0";"0,0";"1,0";"0,0";"0,0"
"215444397";"14";"155";"2";"20";"1,0";"670";"694";"2,0";"0,0";"1,0";"1,0";"0,0"
"3426939705";"13";"87";"1";"20";"0,0";"122";"111";"1,0";"2,0";"1,0";"0,0";"0,0"
"1082257404";"12";"160";"8";"20";"0,0";"1704";"1381";"8,0";"1,0";"0,0";"0,0";"0,0"
"3791625856";"14";"99";"4";"20";"0,0";"1137";"389";"4,0";"0,0";"0,0";"0,0";"0,0"
"590124200";"8";"61";"1";"20";"0,0";"463";"212";"1,0";"0,0";"1,0";"0,0";"0,0"
"3341600939";"9";"37";"66";"20";"1,0";"179";"222";"66,0";"0,0";"1,0";"0,0";"0,0"
"295259678";"11";"73";"3";"20";"0,0";"196";"99";"3,0";"0,0";"0,0";"0,0";"0,0"
"2994720245";"7";"134";"3";"20";"1,0";"166";"214";"3,0";"0,0";"1,0";"0,0";"0,0"
"129243195";"13";"79";"1";"20";"5,0";"273";"1503";"1,0";"0,0";"1,0";"0,0";"0,0"
"234355301";"9";"18";"2";"20";"2,0";"179";"532";"2,0";"0,0";"0,0";"0,0";"0,0"
"417763188";"6";"0";"1";"20";"1,0";"358";"528";"1,0";"0,0";"2,0";"0,0";"0,0"
"1376877954";"15";"42";"77";"20";"0,0";"558";"269";"77,0";"1,0";"1,0";"0,0";"0,0"
"428221971";"8";"123";"66";"20";"1,0";"268";"461";"66,0";"0,0";"1,0";"0,0";"0,0"
"702039886220681200";"15";"18";"2";"20";"0,0";"60";"31";"2,0";"0,0";"0,0";"2,0";"0,0"
"3741706396";"15";"39";"3";"20";"15,0";"709";"11049";"3,0";"1,0";"1,0";"0,0";"0,0"
"709516729567813600";"7";"0";"3";"20";"0,0";"1";"0";"3,0";"1,0";"0,0";"1,0";"0,0"
"1578385800";"10";"50";"3";"20";"1,0";"651";"862";"3,0";"0,0";"1,0";"0,0";"0,0"
"481102640";"8";"0";"4";"20";"0,0";"110";"53";"4,0";"0,0";"1,0";"0,0";"0,0"
"3261187582";"9";"93";"1";"20";"0,0";"569";"243";"1,0";"0,0";"0,0";"0,0";"0,0"
"872747763481628700";"10";"27";"73";"20";"0,0";"133";"111";"73,0";"0,0";"1,0";"0,0";"0,0"
"3401756001";"15";"101";"85";"20";"1,0";"130";"201";"85,0";"0,0";"1,0";"0,0";"0,0"
"805012710857539600";"11";"34";"1";"20";"0,0";"221";"182";"1,0";"0,0";"1,0";"0,0";"0,0"
"763831738774745100";"10";"21";"3";"20";"0,0";"526";"481";"3,0";"0,0";"0,0";"0,0";"0,0"
"813825075434680300";"13";"16";"2";"20";"2,0";"490";"1116";"2,0";"0,0";"1,0";"0,0";"0,0"
"800436421152473100";"8";"5";"3";"20";"0,0";"169";"57";"3,0";"0,0";"1,0";"0,0";"0,0"
"2972815007";"6";"91";"1";"20";"1,0";"25875";"29616";"1,0";"0,0";"1,0";"0,0";"0,0"
"454732968";"15";"62";"2";"20";"5,0";"123";"619";"2,0";"0,0";"1,0";"0,0";"0,0"
"847385881916788700";"14";"0";"1";"20";"0,0";"11";"5";"1,0";"0,0";"0,0";"0,0";"0,0"
"3253083733";"9";"0";"1";"20";"0,0";"114";"28";"1,0";"2,0";"0,0";"1,0";"0,0"
"1539605623";"15";"52";"3";"20";"0,0";"73";"68";"3,0";"1,0";"0,0";"0,0";"0,0"
"3159251963";"9";"28";"5";"20";"3,0";"457";"1717";"5,0";"0,0";"1,0";"0,0";"0,0"
"2914210312";"6";"99";"3";"20";"0,0";"395";"150";"3,0";"0,0";"1,0";"1,0";"0,0"
"875309625041707000";"13";"62";"3";"20";"0,0";"234";"107";"3,0";"0,0";"2,0";"0,0";"0,0"
"1462849777";"10";"44";"3";"20";"1,0";"227";"332";"3,0";"0,0";"1,0";"0,0";"0,0"
"95009385";"7";"127";"1";"20";"0,0";"1801";"306";"1,0";"0,0";"1,0";"0,0";"0,0"
"4915690298";"8";"155";"7";"20";"6,0";"216";"1491";"7,0";"0,0";"0,0";"0,0";"0,0"
"2509584978";"10";"46";"68";"20";"0,0";"303";"285";"68,0";"0,0";"1,0";"0,0";"0,0"
"825994019947831300";"12";"13";"2";"20";"0,0";"84";"76";"2,0";"0,0";"2,0";"1,0";"0,0"
"263155839";"9";"35";"3";"20";"20,0";"135";"2761";"3,0";"0,0";"1,0";"0,0";"0,0"
"2913127030";"9";"0";"7";"20";"2,0";"953";"2090";"7,0";"0,0";"1,0";"0,0";"0,0"
"329198667";"8";"70";"1";"20";"23,0";"1288";"29977";"1,0";"0,0";"1,0";"0,0";"0,0"
"554413776";"8";"0";"71";"20";"5,0";"93";"491";"71,0";"0,0";"0,0";"0,0";"0,0"
"2322156980";"10";"0";"8";"20";"1,0";"119";"141";"8,0";"1,0";"2,0";"0,0";"0,0"
"95951461";"7";"128";"3";"20";"3,0";"170";"515";"3,0";"0,0";"0,0";"1,0";"0,0"
"165731902";"11";"81";"7";"20";"3,0";"1797";"6852";"7,0";"0,0";"0,0";"1,0";"0,0"
"408446905";"6";"0";"12";"20";"2,0";"40";"103";"12,0";"0,0";"1,0";"0,0";"0,0"
"269377516";"8";"160";"79";"20";"1,0";"2978";"3006";"79,0";"4,0";"3,0";"0,0";"0,0"
"293031569";"14";"41";"7";"20";"19,0";"86";"1669";"7,0";"0,0";"1,0";"0,0";"0,0"
"797404340470345700";"14";"8";"85";"20";"78,0";"52";"4073";"85,0";"2,0";"0,0";"1,0";"0,0"
"362066547";"15";"143";"1";"20";"2,0";"1862";"4877";"1,0";"0,0";"1,0";"1,0";"0,0"
"2297640728";"13";"7";"74";"20";"0,0";"401";"168";"74,0";"0,0";"1,0";"0,0";"0,0"
"844175242331414500";"13";"36";"77";"20";"0,0";"106";"19";"77,0";"0,0";"2,0";"0,0";"0,0"
"4706445160";"12";"3";"1";"20";"2,0";"9682";"25741";"1,0";"0,0";"1,0";"0,0";"0,0"
"789916763660091400";"13";"122";"11";"20";"0,0";"489";"239";"11,0";"1,0";"1,0";"0,0";"0,0"
"4866430457";"11";"33";"1";"20";"1,0";"34";"53";"1,0";"0,0";"1,0";"0,0";"0,0"
"82930441";"12";"160";"1";"20";"0,0";"291";"281";"1,0";"4,0";"1,0";"0,0";"0,0"
